NAMESHORT_SB;NAME_SB;PRICE;MONTH_6_PERCENT_CORRECT;MONTH_6_VALUE;MONTH_12_PERCENT_CORRECT;MONTH_12_VALUE;MONTH_24_PERCENT_CORRECT;MONTH_24_VALUE;AVERAGE_PERCENT_CORRECT;AVERAGE_VALUE;BUYS_TOTAL;BUYS_24_PERCENT_CORRECT;PRICE_CHANGE_PERCENT_AVERAGE;PRICE_CHANGE_PERCENT_MEDIAN;BUY_AVERAGE_FAILED_PER_CHANGE;BUY_MEDIAN_FAILED_PER_CHANGE;BUY_AVERAGE_SUCCESS_PER_CHANGE;BUY_MEDIAN_SUCCESS_PER_CHANGE;BUYANDFAIL_MEDIAN_KEYVALUE;BUYANDFAIL_AVERAGE_KEYVALUE;PER_CHANGE_HIGHEST_THROUGH_CURRENT;URL_SB;URL_NN;COMPLIMENTARY_LIST;NAME_NORDNET;NAMESHORT_NORDNET;MARKET_ID;IDENTIFIER_ID
LAMM-B.ST;LAMMHULTS DESIGN GROUP B;49.2;83.3;110;63.9;112;55.1;166;67.4;129;39;52.6;2.98;1.73;-1.22;-0.9;4.78;2.62;0.15;1.14;1.56;https://www.swedishbulls.com/SignalPage.aspx?lang=en&Ticker=LAMM-B.ST;https://www.nordnet.se/mux/web/marknaden/aktiehemsidan/index.html?identifier=1049&marketid=11;;Lammhults Design Group AB ser. B;LAMM B;11;1049
LATO-B.ST;LATOUR INVESTMENT B;94.9;65.0;106;57.9;133;56.9;155;59.9;131;36;62.9;2.37;1.55;-1.39;-1.14;3.4;1.99;0.03;0.82;1.19;https://www.swedishbulls.com/SignalPage.aspx?lang=en&Ticker=LATO-B.ST;https://www.nordnet.se/mux/web/marknaden/aktiehemsidan/index.html?identifier=914&marketid=11;;Latour, Investmentab. ser. B;LATO B;11;914
LAUR.ST;LAURITZ.COM;1.0;61.5;321;60.6;588;60.8;748;61.0;552;25;40.0;8.56;3.92;-2.71;-2.22;9.78;2.95;-0.95;1.49;11.3;https://www.swedishbulls.com/SignalPage.aspx?lang=en&Ticker=LAUR.ST;https://www.nordnet.se/mux/web/marknaden/aktiehemsidan/index.html?identifier=123678&marketid=11;;Lauritz.com Group A/S;LAUR;11;123678
LEO.ST;LEOVEGAS;71.1;76.5;153;67.5;275;51.3;292;65.1;240;38;64.9;3.82;2.54;-2.02;-1.56;5.97;3.47;0.9;2.37;1.15;https://www.swedishbulls.com/SignalPage.aspx?lang=en&Ticker=LEO.ST;https://www.nordnet.se/mux/web/marknaden/aktiehemsidan/index.html?identifier=120184&marketid=11;;LeoVegas AB;LEO;11;120184
LEX.ST;LEXINGTON COMPANY;;;;;;;;;;;;;;;;;;;;;;;;;;;
LIAB.ST;LINDAB INTERNATIONAL;63.1;75.0;118;62.5;141;61.1;187;66.2;148;36;60.0;2.85;1.83;-1.65;-0.93;4.03;2.35;0.24;0.96;1.41;https://www.swedishbulls.com/SignalPage.aspx?lang=en&Ticker=LIAB.ST;https://www.nordnet.se/mux/web/marknaden/aktiehemsidan/index.html?identifier=37400&marketid=11;;Lindab International AB;LIAB;11;37400
LIDDS.ST;LIDDS;13.8;68.8;195;63.3;333;51.6;295;61.2;274;32;48.4;5.9;3.23;-3.02;-2.1;11.45;4.28;0.19;3.18;1.24;https://www.swedishbulls.com/SignalPage.aspx?lang=en&Ticker=LIDDS.ST;https://www.nordnet.se/mux/web/marknaden/aktiehemsidan/index.html?identifier=101904&marketid=11;;LIDDS AB;LIDDS;11;101904
LIFCO-B.ST;LIFCO B;321.0;78.3;141;76.9;183;73.4;285;76.2;203;39;74.4;3.09;2.41;-1.03;-0.91;4.58;3.68;1.7;2.34;1.08;https://www.swedishbulls.com/SignalPage.aspx?lang=en&Ticker=LIFCO-B.ST;https://www.nordnet.se/mux/web/marknaden/aktiehemsidan/index.html?identifier=103930&marketid=11;;Lifco AB ser.B;LIFCO B;11;103930
LIFE B;LIFEASSAYS B;;;;;;;;;;;;;;;;;;;;;;;;;;;
LLSW-B.ST;LIGHTLAB SWE B;0.418;50.0;144;52.9;170;47.2;118;50.0;144;36;34.3;4.36;3.26;-3.28;-3.32;4.45;4.31;-1.5;-1.43;2.87;https://www.swedishbulls.com/SignalPage.aspx?lang=en&Ticker=LLSW-B.ST;https://www.nordnet.se/mux/web/marknaden/aktiehemsidan/index.html?identifier=63604&marketid=11;;LightLab Sweden AB ser. B;LLSW B;11;63604
LOOM-B.ST;LOOMIS B;300.4;70.6;129;66.7;165;72.1;308;69.8;200;33;85.3;3.16;1.65;-0.8;-0.88;4.0;2.29;1.02;2.49;1.21;https://www.swedishbulls.com/SignalPage.aspx?lang=en&Ticker=LOOM-B.ST;https://www.nordnet.se/mux/web/marknaden/aktiehemsidan/index.html?identifier=61536&marketid=11;;Loomis AB ser. B;LOOM B;11;61536
LUC.ST;LUCARA DIAMOND;13.0;66.7;159;55.8;156;65.8;296;62.8;203;36;61.1;4.63;3.42;-2.8;-1.43;5.24;2.86;0.39;1.31;2.09;https://www.swedishbulls.com/SignalPage.aspx?lang=en&Ticker=LUC.ST;https://www.nordnet.se/mux/web/marknaden/aktiehemsidan/index.html?identifier=85525&marketid=11;;Lucara Diamond Corp;LUC;11;85525
LUG.ST;LUNDIN GOLD;33.25;61.5;113;56.0;134;63.1;210;60.2;152;32;68.8;3.76;2.28;-2.31;-1.72;4.51;3.76;1.25;1.58;1.23;https://www.swedishbulls.com/SignalPage.aspx?lang=en&Ticker=LUG.ST;https://www.nordnet.se/mux/web/marknaden/aktiehemsidan/index.html?identifier=105183&marketid=11;;Lundin Gold Inc.;LUG;11;105183
LUMI.ST;LUNDIN MINING;53.5;58.3;172;57.1;194;57.1;194;57.5;186;17;62.5;4.62;3.38;-1.35;-1.31;7.07;6.32;2.66;3.11;1.23;https://www.swedishbulls.com/SignalPage.aspx?lang=en&Ticker=LUMI.ST;https://www.nordnet.se/mux/web/marknaden/aktiehemsidan/index.html?identifier=27709&marketid=11;;Lundin Mining Corporation;LUMI;11;27709
LUND-B.ST;LUNDBERGFORETAGEN B;598.0;71.4;103;75.8;127;71.4;187;72.9;139;31;80.0;2.39;1.34;-0.76;-0.68;3.35;2.23;0.85;1.73;1.17;https://www.swedishbulls.com/SignalPage.aspx?lang=en&Ticker=LUND-B.ST;https://www.nordnet.se/mux/web/marknaden/aktiehemsidan/index.html?identifier=1012&marketid=11;;Lundbergföretagen AB, L E ser. B;LUND B;11;1012
LUPE.ST;LUNDIN PETROLEUM;209.6;64.7;124;59.0;120;57.7;177;60.5;140;35;60.0;3.06;1.97;-2.33;-2.09;4.96;4.02;0.78;1.24;1.02;https://www.swedishbulls.com/SignalPage.aspx?lang=en&Ticker=LUPE.ST;https://www.nordnet.se/mux/web/marknaden/aktiehemsidan/index.html?identifier=22335&marketid=11;;Lundin Petroleum AB;LUPE;11;22335
MACK-B.ST;MACKMYRA SVENSK WHISKEY B;17.3;66.7;137;57.6;165;49.3;214;57.9;172;33;54.5;4.03;2.13;-1.43;-1.44;7.16;4.59;1.05;2.45;1.12;https://www.swedishbulls.com/SignalPage.aspx?lang=en&Ticker=MACK-B.ST;https://www.nordnet.se/mux/web/marknaden/aktiehemsidan/index.html?identifier=85847&marketid=11;;Mackmyra Svensk Whisky AB B;MACK B;11;85847
MAG.ST;MAGNOLIA BOSTAD;48.15;82.4;187;69.4;249;64.3;485;72.0;307;35;58.8;4.95;2.49;-1.58;-1.21;6.8;3.99;1.05;2.55;2.33;https://www.swedishbulls.com/SignalPage.aspx?lang=en&Ticker=MAG.ST;https://www.nordnet.se/mux/web/marknaden/aktiehemsidan/index.html?identifier=110088&marketid=11;;Magnolia Bostad AB;MAG;11;110088
MAHA-A.ST;MAHA ENERGY;6.68;50.0;92;63.6;157;62.5;188;58.7;145;24;52.2;6.08;3.92;-2.87;-2.72;8.29;7.04;1.57;2.16;1.6;https://www.swedishbulls.com/SignalPage.aspx?lang=en&Ticker=MAHA-A.ST;https://www.nordnet.se/mux/web/marknaden/aktiehemsidan/index.html?identifier=124631&marketid=11;YES;Maha Energy AB;MAHA A;11;124631
MANTEX.ST;MANTEX;4.63;72.7;123;68.4;344;68.4;344;69.8;270;9;55.6;13.32;5.9;-3.07;-3.45;27.22;19.53;8.53;12.97;1.93;https://www.swedishbulls.com/SignalPage.aspx?lang=en&Ticker=MANTEX.ST;https://www.nordnet.se/mux/web/marknaden/aktiehemsidan/index.html?identifier=136007&marketid=11;;Mantex AB;MANTEX;11;136007
MATRA.ST;MATRA PETROLEUM;5.18;50.0;171;57.7;248;57.7;248;55.1;222;13;41.7;11.32;8.4;-4.86;-3.91;22.43;16.34;3.73;5.72;1.52;https://www.swedishbulls.com/SignalPage.aspx?lang=en&Ticker=MATRA.ST;https://www.nordnet.se/mux/web/marknaden/aktiehemsidan/index.html?identifier=136267&marketid=11;;Matra Petroleum AB;MATRA;11;136267
MAV.ST;MAVSHACK AB;0.2045;87.5;176;73.5;1452;71.4;4964;77.5;2197;31;54.8;15.76;5.79;-2.2;-2.02;39.03;6.3;1.74;19.59;1.55;https://www.swedishbulls.com/SignalPage.aspx?lang=en&Ticker=MAV.ST;https://www.nordnet.se/mux/web/marknaden/aktiehemsidan/index.html?identifier=58547&marketid=11;;Mavshack AB;MAV;11;58547
MAXF.ST;MAXFASTIGHETER I SVERIGE;27.9;42.9;96;42.4;91;42.4;91;42.6;92;16;33.3;1.51;1.11;-1.38;-1.08;2.66;1.9;-0.89;-0.83;1.07;https://www.swedishbulls.com/SignalPage.aspx?lang=en&Ticker=MAXF.ST;https://www.nordnet.se/mux/web/marknaden/aktiehemsidan/index.html?identifier=123717&marketid=11;;MaxFastigheter i Sverige AB;MAXF;11;123717
MAXK.ST;MAXKOMPETENS;6.1;31.2;82;25.0;71;25.0;71;27.1;74;14;15.4;2.0;1.84;-2.07;-1.98;2.38;2.38;-2.11;-2.18;1.19;https://www.swedishbulls.com/SignalPage.aspx?lang=en&Ticker=MAXK.ST;https://www.nordnet.se/mux/web/marknaden/aktiehemsidan/index.html?identifier=115943&marketid=11;;Maxkompetens Sverige AB;MAXK;11;115943
MCAP.ST;MEDCAP;63.8;64.3;175;64.3;220;56.9;291;61.8;228;29;60.7;4.43;2.37;-1.73;-1.07;8.39;7.27;3.19;3.61;1.0;https://www.swedishbulls.com/SignalPage.aspx?lang=en&Ticker=MCAP.ST;https://www.nordnet.se/mux/web/marknaden/aktiehemsidan/index.html?identifier=35364&marketid=11;;MedCap AB;MCAP;11;35364
MCNH.NGM;MEDICA CLINICAL NORTH;;;;;;;;;;;;;;;;;;;;;;;;;;;
MCOV-B.ST;MEDICOVER;62.0;81.8;116;64.7;115;64.7;115;70.4;115;8;71.4;3.61;2.63;-2.13;-2.41;4.67;4.3;1.58;1.93;1.15;https://www.swedishbulls.com/SignalPage.aspx?lang=en&Ticker=MCOV-B.ST;https://www.nordnet.se/mux/web/marknaden/aktiehemsidan/index.html?identifier=138158&marketid=11;;Medicover AB ser. B;MCOV B;11;138158
MEAB-B.ST;MALMBERGS ELEKTRISKA B;97.0;50.0;104;59.4;114;56.1;123;55.2;113;33;53.1;2.63;0.88;-1.17;-0.67;2.78;0.91;-0.63;0.13;1.67;https://www.swedishbulls.com/SignalPage.aspx?lang=en&Ticker=MEAB-B.ST;https://www.nordnet.se/mux/web/marknaden/aktiehemsidan/index.html?identifier=3223&marketid=11;;Malmbergs Elektriska AB ser. B;MEAB B;11;3223
MEDR-B.ST;MEDIRATT B;6.23;54.5;101;65.4;257;69.8;2389;63.2;915;26;65.4;16.8;12.33;-4.4;-4.15;27.0;18.45;9.83;15.34;2.57;https://www.swedishbulls.com/SignalPage.aspx?lang=en&Ticker=MEDR-B.ST;https://www.nordnet.se/mux/web/marknaden/aktiehemsidan/index.html?identifier=81251&marketid=11;;MediRätt AB;MEDR B;11;81251
MEKO.ST;MEKONOMEN;142.6;52.6;110;40.0;101;49.3;127;47.3;112;35;41.2;2.28;1.3;-1.23;-0.88;3.31;3.18;-0.01;-0.16;1.4;https://www.swedishbulls.com/SignalPage.aspx?lang=en&Ticker=MEKO.ST;https://www.nordnet.se/mux/web/marknaden/aktiehemsidan/index.html?identifier=4986&marketid=11;;Mekonomen AB;MEKO;11;4986
MELK.ST;MELKER SCHORLING;;;;;;;;;;;;;;;;;;;;;;;;;;;
MERT-A.NGM;MERTIVA;37.5;30.0;94;40.0;162;52.2;455;40.7;237;23;50.0;6.82;2.09;-2.34;-1.57;16.84;12.33;4.58;6.45;1.05;https://www.swedishbulls.com/SignalPage.aspx?lang=en&Ticker=MERT-A.NGM;https://www.nordnet.se/mux/web/marknaden/aktiehemsidan/index.html?identifier=1M0C&marketid=13;YES;Mertiva A;MERT MTF A;13;1M0C
MIC-SDB.ST;MILLICOM INTERNATIONAL CELLULAR SDR;569.5;35.0;100;52.4;122;58.5;218;48.6;146;41;70.0;2.78;1.21;-1.72;-0.63;3.87;2.05;0.45;1.39;1.04;https://www.swedishbulls.com/SignalPage.aspx?lang=en&Ticker=MIC-SDB.ST;https://www.nordnet.se/mux/web/marknaden/aktiehemsidan/index.html?identifier=24507&marketid=11;;Millicom International Cellular S.A. SDB;MIC SDB;11;24507
MIDW-B.ST;MIDWAY HOLDING B;12.8;72.7;117;64.5;156;45.2;108;60.8;127;30;46.7;3.84;2.2;-3.02;-2.42;4.84;2.29;-1.02;-0.15;2.29;https://www.swedishbulls.com/SignalPage.aspx?lang=en&Ticker=MIDW-B.ST;https://www.nordnet.se/mux/web/marknaden/aktiehemsidan/index.html?identifier=835&marketid=11;;Midway Holding AB ser. B;MIDW B;11;835
MIND.ST;MINDMANCER;;;;;;;;;;;;;;;;;;;;;;;;;;;
MINEST.ST;MINESTO;2.45;66.7;161;57.1;177;55.6;355;59.8;231;27;50.0;6.04;3.0;-2.52;-2.38;8.9;4.51;0.27;2.39;2.82;https://www.swedishbulls.com/SignalPage.aspx?lang=en&Ticker=MINEST.ST;https://www.nordnet.se/mux/web/marknaden/aktiehemsidan/index.html?identifier=114883&marketid=11;;Minesto AB;MINEST;11;114883
MIPS.ST;MIPS;49.75;70.0;119;67.9;140;67.9;140;68.6;133;14;46.2;4.33;2.54;-2.32;-1.66;6.68;5.12;0.67;1.04;1.54;https://www.swedishbulls.com/SignalPage.aspx?lang=en&Ticker=MIPS.ST;https://www.nordnet.se/mux/web/marknaden/aktiehemsidan/index.html?identifier=135088&marketid=11;;Mips AB;MIPS;11;135088
MOB.ST;MOBERG PHARMA;27.0;84.6;164;68.6;138;66.2;340;73.1;214;32;67.7;5.26;3.09;-4.42;-2.67;5.9;3.32;0.59;1.77;2.82;https://www.swedishbulls.com/SignalPage.aspx?lang=en&Ticker=MOB.ST;https://www.nordnet.se/mux/web/marknaden/aktiehemsidan/index.html?identifier=79252&marketid=11;;Moberg Pharma AB;MOB;11;79252
MOMENT.ST;MOMENT GROUP;19.55;55.6;105;35.3;84;43.3;87;44.7;92;30;48.3;2.25;1.67;-2.07;-1.91;2.7;1.34;-1.14;-0.57;1.01;https://www.swedishbulls.com/SignalPage.aspx?lang=en&Ticker=MOMENT.ST;https://www.nordnet.se/mux/web/marknaden/aktiehemsidan/index.html?identifier=32720&marketid=11;;Moment Group AB;MOMENT;11;32720
MPI.ST;MEDICAL PROGNOSIS INSTITUTE;10.45;45.5;96;50.0;133;51.7;138;49.1;122;29;46.4;5.82;4.56;-3.46;-3.15;7.25;6.36;0.46;0.71;2.47;https://www.swedishbulls.com/SignalPage.aspx?lang=en&Ticker=MPI.ST;https://www.nordnet.se/mux/web/marknaden/aktiehemsidan/index.html?identifier=123713&marketid=11;;Medical Prognosis Institute A/S;MPI;11;123713
MQ.ST;MQ HOLDING;14.94;50.0;111;50.0;104;55.9;123;52.0;112;34;45.5;2.63;1.46;-1.54;-1.41;2.3;1.18;-1.03;-0.59;2.0;https://www.swedishbulls.com/SignalPage.aspx?lang=en&Ticker=MQ.ST;https://www.nordnet.se/mux/web/marknaden/aktiehemsidan/index.html?identifier=76085&marketid=11;;MQ Holding AB;MQ;11;76085
MRG.ST;MR GREEN;44.7;58.3;112;63.0;169;64.1;295;61.8;192;39;65.8;3.92;2.29;-1.89;-1.06;5.92;2.59;0.54;2.45;1.12;https://www.swedishbulls.com/SignalPage.aspx?lang=en&Ticker=MRG.ST;https://www.nordnet.se/mux/web/marknaden/aktiehemsidan/index.html?identifier=94882&marketid=11;;Mr Green & Co AB;MRG;11;94882
MSAB-B.ST;MICRO SYSTEMATION B;71.4;54.5;141;60.0;199;61.2;411;58.6;250;42;50.0;4.67;2.33;-2.01;-0.85;8.71;5.95;1.75;2.55;1.23;https://www.swedishbulls.com/SignalPage.aspx?lang=en&Ticker=MSAB-B.ST;https://www.nordnet.se/mux/web/marknaden/aktiehemsidan/index.html?identifier=85846&marketid=11;;Micro Systemation AB B;MSAB B;11;85846
MSC-B.ST;MSC GROUP;;;;;;;;;;;;;;;;;;;;;;;;;;;
MSON-A.ST;MIDSONA A;;;;;;;;;;;;;;;;;;;;;;;;;;;
MSON-B.ST;MIDSONA B;56.8;68.4;132;64.9;165;62.7;255;65.3;184;33;57.6;3.55;1.86;-1.41;-1.22;6.9;5.01;1.57;2.58;1.11;https://www.swedishbulls.com/SignalPage.aspx?lang=en&Ticker=MSON-B.ST;https://www.nordnet.se/mux/web/marknaden/aktiehemsidan/index.html?identifier=3922&marketid=11;;Midsona AB ser. B;MSON B;11;3922
MTG-A.ST;MTG A;339.0;65.0;128;68.4;149;51.3;151;61.6;142;39;47.4;2.82;1.71;-2.31;-1.44;5.44;2.05;-0.59;0.56;1.42;https://www.swedishbulls.com/SignalPage.aspx?lang=en&Ticker=MTG-A.ST;https://www.nordnet.se/mux/web/marknaden/aktiehemsidan/index.html?identifier=3598&marketid=11;;Modern Times Group MTG AB ser. A;MTG A;11;3598
MTG-B.ST;MODERN TIMES GROUP MTG B;338.8;66.7;130;63.4;141;65.1;194;65.1;155;41;67.5;2.17;1.34;-1.33;-0.7;3.25;2.11;0.4;0.96;1.14;https://www.swedishbulls.com/SignalPage.aspx?lang=en&Ticker=MTG-B.ST;https://www.nordnet.se/mux/web/marknaden/aktiehemsidan/index.html?identifier=3599&marketid=11;;Modern Times Group MTG AB ser. B;MTG B;11;3599
MTRS.ST;MUNTERS GROUP;47.5;50.0;81;45.8;82;45.8;82;47.2;81;12;36.4;2.92;1.41;-3.45;-0.5;2.23;1.07;-0.73;-2.18;1.4;https://www.swedishbulls.com/SignalPage.aspx?lang=en&Ticker=MTRS.ST;https://www.nordnet.se/mux/web/marknaden/aktiehemsidan/index.html?identifier=137814&marketid=11;;Munters Group AB;MTRS;11;137814
MULQ.ST;MULTIQ INTERNATIONAL;0.64;30.0;96;26.3;81;33.8;69;30.0;82;40;28.2;2.81;2.33;-2.34;-2.26;4.99;3.96;-1.31;-1.07;1.44;https://www.swedishbulls.com/SignalPage.aspx?lang=en&Ticker=MULQ.ST;https://www.nordnet.se/mux/web/marknaden/aktiehemsidan/index.html?identifier=4359&marketid=11;;MultiQ International AB;MULQ;11;4359
MULT.NGM;MULTIDOCKER CARGO HANDLING;0.524;63.6;78;61.8;84;61.8;84;62.4;82;17;43.8;3.84;2.13;-4.2;-2.75;2.94;2.05;-1.45;-1.87;2.31;https://www.swedishbulls.com/SignalPage.aspx?lang=en&Ticker=MULT.NGM;https://www.nordnet.se/mux/web/marknaden/aktiehemsidan/index.html?identifier=3K33&marketid=13;YES;MultiDocker Cargo Handling;MULT MTF;13;3K33
MVIR-B.ST;MEDIVIR B;36.1;69.2;102;71.0;138;60.0;206;66.7;148;32;56.2;4.91;2.46;-2.47;-2.16;5.87;2.09;-0.57;1.42;2.73;https://www.swedishbulls.com/SignalPage.aspx?lang=en&Ticker=MVIR-B.ST;https://www.nordnet.se/mux/web/marknaden/aktiehemsidan/index.html?identifier=1020&marketid=11;;Medivir AB ser. B;MVIR B;11;1020
MYFC.ST;MYFC HOLDING;8.575;83.3;205;71.4;449;71.0;2538;75.2;1064;31;73.3;11.85;4.63;-4.44;-2.62;15.28;4.07;1.48;9.21;3.87;https://www.swedishbulls.com/SignalPage.aspx?lang=en&Ticker=MYFC.ST;https://www.nordnet.se/mux/web/marknaden/aktiehemsidan/index.html?identifier=101187&marketid=11;;myFC Holding AB;MYFC;11;101187
NAXS.ST;NAXS;50.4;73.3;100;48.6;89;47.3;85;56.4;91;27;42.3;1.28;1.02;-1.1;-1.01;1.58;1.1;-0.92;-0.77;1.03;https://www.swedishbulls.com/SignalPage.aspx?lang=en&Ticker=NAXS.ST;https://www.nordnet.se/mux/web/marknaden/aktiehemsidan/index.html?identifier=40342&marketid=11;;NAXS AB;NAXS;11;40342
NCC-A.ST;NCC A;158.5;83.3;116;73.2;144;63.9;168;73.5;142;41;68.3;2.16;1.21;-1.32;-0.89;2.5;1.76;0.12;0.49;1.59;https://www.swedishbulls.com/SignalPage.aspx?lang=en&Ticker=NCC-A.ST;https://www.nordnet.se/mux/web/marknaden/aktiehemsidan/index.html?identifier=837&marketid=11;;NCC AB ser. A;NCC A;11;837
NCC-B.ST;NCC B;158.7;68.8;111;54.1;118;54.1;146;59.0;125;42;59.5;2.15;1.34;-1.57;-0.73;2.61;2.48;0.38;0.12;1.59;https://www.swedishbulls.com/SignalPage.aspx?lang=en&Ticker=NCC-B.ST;https://www.nordnet.se/mux/web/marknaden/aktiehemsidan/index.html?identifier=838&marketid=11;;NCC AB ser. B;NCC B;11;838
NDA-SEK.ST;NORDEA BANK;89.1;69.2;102;64.7;112;68.3;190;67.4;134;31;70.0;2.9;1.99;-2.45;-2.51;4.12;4.16;1.36;1.35;1.29;https://www.swedishbulls.com/SignalPage.aspx?lang=en&Ticker=NDA-SEK.ST;https://www.nordnet.se/mux/web/marknaden/aktiehemsidan/index.html?identifier=220&marketid=11;;Nordea Bank AB;NDA SEK;11;220
NDX.ST;NORDAX GROUP;60.0;50.0;121;64.7;136;64.7;207;59.8;154;34;66.7;3.18;2.62;-1.9;-1.77;4.65;2.83;0.5;1.67;1.0;https://www.swedishbulls.com/SignalPage.aspx?lang=en&Ticker=NDX.ST;https://www.nordnet.se/mux/web/marknaden/aktiehemsidan/index.html?identifier=110381&marketid=11;;Nordax Group AB;NDX;11;110381
NEPA.ST;NEPA;74.0;71.4;147;59.4;199;57.1;312;62.6;219;28;55.6;5.23;3.06;-2.47;-1.06;8.45;4.84;1.42;2.8;1.72;https://www.swedishbulls.com/SignalPage.aspx?lang=en&Ticker=NEPA.ST;https://www.nordnet.se/mux/web/marknaden/aktiehemsidan/index.html?identifier=121153&marketid=11;;Nepa AB;NEPA;11;121153
NET-B.ST;NETENT;41.94;57.1;126;51.3;164;58.9;243;55.8;177;36;54.3;3.29;1.93;-1.43;-1.34;4.06;3.68;0.59;0.75;2.17;https://www.swedishbulls.com/SignalPage.aspx?lang=en&Ticker=NET-B.ST;https://www.nordnet.se/mux/web/marknaden/aktiehemsidan/index.html?identifier=62494&marketid=11;YES;NetEnt AB ser. B;NET B;11;62494
NETI-B.ST;NET INSIGHT B;4.43;63.2;137;62.2;159;53.9;210;59.8;168;37;52.6;5.77;4.05;-3.71;-2.11;9.26;7.75;2.28;2.31;2.08;https://www.swedishbulls.com/SignalPage.aspx?lang=en&Ticker=NETI-B.ST;https://www.nordnet.se/mux/web/marknaden/aktiehemsidan/index.html?identifier=3871&marketid=11;;Net Insight AB ser. B;NETI B;11;3871
NEWA-B.ST;NEW WAVE GROUP B;54.3;72.2;110;58.1;99;58.5;164;62.9;124;41;65.0;2.64;1.81;-0.8;-0.39;3.57;1.94;0.32;1.24;1.15;https://www.swedishbulls.com/SignalPage.aspx?lang=en&Ticker=NEWA-B.ST;https://www.nordnet.se/mux/web/marknaden/aktiehemsidan/index.html?identifier=920&marketid=11;;New Wave Group AB ser. B;NEWA B;11;920
NEXAM.ST;NEXAM CHEMICAL HOLDING;9.48;62.5;200;50.0;206;53.4;324;55.3;243;29;42.9;5.66;3.1;-1.82;-1.93;10.79;8.55;1.77;2.79;1.34;https://www.swedishbulls.com/SignalPage.aspx?lang=en&Ticker=NEXAM.ST;https://www.nordnet.se/mux/web/marknaden/aktiehemsidan/index.html?identifier=93656&marketid=11;;Nexam Chemical Holding AB;NEXAM;11;93656
NGQ.ST;NGEX RESOURCES;7.5;52.6;116;55.0;137;53.8;192;53.8;148;40;59.0;4.39;2.81;-1.76;-1.42;5.83;3.31;0.57;1.92;1.24;https://www.swedishbulls.com/SignalPage.aspx?lang=en&Ticker=NGQ.ST;https://www.nordnet.se/mux/web/marknaden/aktiehemsidan/index.html?identifier=101618&marketid=11;;NGEx Resources Inc;NGQ;11;101618
NGS.ST;NGS GROUP;42.3;57.1;101;50.0;109;51.6;127;52.9;112;32;54.8;2.58;1.44;-1.43;-0.94;3.43;2.44;0.11;0.43;1.26;https://www.swedishbulls.com/SignalPage.aspx?lang=en&Ticker=NGS.ST;https://www.nordnet.se/mux/web/marknaden/aktiehemsidan/index.html?identifier=122588&marketid=11;;NGS Group AB;NGS;11;122588
NIBE-B.ST;NIBE INDUSTRIER B;79.02;52.6;111;57.1;144;55.2;179;55.0;144;33;53.1;2.68;1.51;-1.07;-0.9;4.61;3.4;0.58;1.15;1.09;https://www.swedishbulls.com/SignalPage.aspx?lang=en&Ticker=NIBE-B.ST;https://www.nordnet.se/mux/web/marknaden/aktiehemsidan/index.html?identifier=921&marketid=11;;NIBE Industrier AB ser. B;NIBE B;11;921
NICKE.NGM;NICKEL MOUNTAIN RESOURCES;0.214;61.9;131;55.0;145;55.0;145;57.3;140;20;42.1;6.29;3.95;-4.35;-2.58;5.74;1.21;-1.78;-0.9;3.18;https://www.swedishbulls.com/SignalPage.aspx?lang=en&Ticker=NICKE.NGM;https://www.nordnet.se/mux/web/marknaden/aktiehemsidan/index.html?identifier=3JDK&marketid=13;YES;Nickel Mountain Resources;NICK MTF;13;3JDK
NICO.ST;NICOCCINO HOLD;7.6;50.0;381;48.1;322;52.5;323;50.2;342;29;44.8;14.05;5.76;-6.55;-5.4;34.21;6.74;-0.76;10.91;1.22;https://www.swedishbulls.com/SignalPage.aspx?lang=en&Ticker=NICO.ST;https://www.nordnet.se/mux/web/marknaden/aktiehemsidan/index.html?identifier=101773&marketid=11;;Nicoccino Holding AB;NICO;11;101773
NIL-B.ST;NILORNGRUPPEN;87.6;59.1;110;54.8;94;55.7;170;56.5;124;39;64.1;3.34;1.83;-2.58;-1.39;4.7;1.48;-0.35;1.29;1.28;https://www.swedishbulls.com/SignalPage.aspx?lang=en&Ticker=NIL-B.ST;https://www.nordnet.se/mux/web/marknaden/aktiehemsidan/index.html?identifier=110376&marketid=11;;Nilörngruppen AB ser. B;NIL B;11;110376
NMAN.ST;NEDERMAN HOLDING;242.0;55.6;108;67.6;132;60.5;184;61.2;141;38;67.6;2.84;1.68;-1.25;-1.26;3.58;1.77;-0.01;1.22;1.08;https://www.swedishbulls.com/SignalPage.aspx?lang=en&Ticker=NMAN.ST;https://www.nordnet.se/mux/web/marknaden/aktiehemsidan/index.html?identifier=40347&marketid=11;;Nederman Holding AB;NMAN;11;40347
NOBI.ST;NOBIA;75.15;71.4;129;64.4;146;70.6;224;68.8;166;42;71.4;2.85;1.92;-1.78;-1.04;3.44;2.31;0.55;1.15;1.29;https://www.swedishbulls.com/SignalPage.aspx?lang=en&Ticker=NOBI.ST;https://www.nordnet.se/mux/web/marknaden/aktiehemsidan/index.html?identifier=19095&marketid=11;;Nobia AB;NOBI;11;19095
NOBINA.ST;NOBINA;53.85;43.8;119;50.0;149;54.3;238;49.4;168;35;55.9;2.95;1.7;-1.48;-1.6;5.22;2.46;-0.13;1.47;1.06;https://www.swedishbulls.com/SignalPage.aspx?lang=en&Ticker=NOBINA.ST;https://www.nordnet.se/mux/web/marknaden/aktiehemsidan/index.html?identifier=110535&marketid=11;;Nobina AB;NOBINA;11;110535
NOKIA-SEK.ST;NOKIA;45.85;55.6;124;50.0;129;51.2;172;52.3;141;43;50.0;2.78;1.42;-1.47;-1.3;4.6;1.73;-0.59;0.76;1.17;https://www.swedishbulls.com/SignalPage.aspx?lang=en&Ticker=NOKIA-SEK.ST;https://www.nordnet.se/mux/web/marknaden/aktiehemsidan/index.html?identifier=39854&marketid=11;;Nokia Corporation;NOKIA SEK;11;39854
NOLA-B.ST;NOLATO B;609.0;45.0;161;55.3;221;63.2;327;54.5;236;34;72.7;3.6;1.99;-1.23;-1.01;6.09;3.05;1.14;3.29;1.0;https://www.swedishbulls.com/SignalPage.aspx?lang=en&Ticker=NOLA-B.ST;https://www.nordnet.se/mux/web/marknaden/aktiehemsidan/index.html?identifier=923&marketid=11;;Nolato AB ser. B;NOLA B;11;923
NOMI.ST;NORDIC MINES;;;;;;;;;;;;;;;;;;;;;;;;;;;
NOTE.ST;NOTE;25.3;61.1;127;60.0;186;56.1;268;59.1;193;33;59.4;3.73;1.92;-1.03;-1.03;6.88;5.12;1.82;2.87;1.09;https://www.swedishbulls.com/SignalPage.aspx?lang=en&Ticker=NOTE.ST;https://www.nordnet.se/mux/web/marknaden/aktiehemsidan/index.html?identifier=25319&marketid=11;;NOTE AB;NOTE;11;25319
NP3.ST;NP3 FASTIGHETER;59.2;47.4;114;60.6;122;53.8;156;53.9;130;32;58.1;2.33;1.34;-1.33;-0.87;3.81;2.1;0.06;0.86;1.02;https://www.swedishbulls.com/SignalPage.aspx?lang=en&Ticker=NP3.ST;https://www.nordnet.se/mux/web/marknaden/aktiehemsidan/index.html?identifier=104592&marketid=11;;NP3 Fastigheter AB;NP3;11;104592
NTEK-B.ST;NOVOTEK B;28.5;52.6;110;48.6;131;40.7;118;47.3;119;40;42.5;2.9;1.92;-1.73;-1.6;5.66;4.3;0.11;0.61;1.05;https://www.swedishbulls.com/SignalPage.aspx?lang=en&Ticker=NTEK-B.ST;https://www.nordnet.se/mux/web/marknaden/aktiehemsidan/index.html?identifier=4000&marketid=11;;NOVOTEK AB ser. B;NTEK B;11;4000
NTGRP.NGM;NET TRADING GROUP NTG;4.65;40.0;144;42.9;146;42.9;146;41.9;145;10;44.4;5.85;2.86;-1.79;-1.13;15.07;13.77;4.69;4.9;1.08;https://www.swedishbulls.com/SignalPage.aspx?lang=en&Ticker=NTGRP.NGM;https://www.nordnet.se/mux/web/marknaden/aktiehemsidan/index.html?identifier=3T0L&marketid=13;YES;Net Trading Group NTG;NTGR MTF;13;3T0L
NUE.ST;NUEVOLUTION;17.36;53.3;113;44.8;135;52.5;304;50.2;184;30;44.8;4.9;2.45;-1.8;-2.0;12.02;6.22;0.88;3.59;1.27;https://www.swedishbulls.com/SignalPage.aspx?lang=en&Ticker=NUE.ST;https://www.nordnet.se/mux/web/marknaden/aktiehemsidan/index.html?identifier=116423&marketid=11;;Nuevolution AB;NUE;11;116423
NVP.ST;NEUROVIVE PHARMACEUTICAL;2.69;72.2;138;70.0;155;64.7;802;69.0;365;34;60.6;8.07;3.96;-2.77;-2.47;9.05;5.04;1.28;3.59;2.67;https://www.swedishbulls.com/SignalPage.aspx?lang=en&Ticker=NVP.ST;https://www.nordnet.se/mux/web/marknaden/aktiehemsidan/index.html?identifier=58531&marketid=11;;NeuroVive Pharmaceutical AB;NVP;11;58531
NWG.ST;NORDIC WATERPROOFING HOLDING;71.7;42.9;107;50.0;113;47.7;110;46.9;110;32;40.6;2.45;1.63;-1.67;-1.35;2.94;2.57;-0.56;-0.6;1.44;https://www.swedishbulls.com/SignalPage.aspx?lang=en&Ticker=NWG.ST;https://www.nordnet.se/mux/web/marknaden/aktiehemsidan/index.html?identifier=123243&marketid=11;;Nordic Waterproofing Holding A/S;NWG;11;123243
NXTMS.ST;NEXSTIM;2.08;46.2;94;61.3;163;67.9;1822;58.5;693;27;70.4;11.65;8.4;-5.36;-4.07;14.09;8.74;4.15;7.53;4.8;https://www.swedishbulls.com/SignalPage.aspx?lang=en&Ticker=NXTMS.ST;https://www.nordnet.se/mux/web/marknaden/aktiehemsidan/index.html?identifier=103571&marketid=11;;Nexstim Oyj;NXTMS;11;103571
OASM.ST;OASMIA PHARMACEUTICAL;3.885;50.0;159;47.2;230;53.8;426;50.3;271;39;39.5;6.14;3.76;-3.1;-2.12;10.28;6.71;0.57;1.39;3.31;https://www.swedishbulls.com/SignalPage.aspx?lang=en&Ticker=OASM.ST;https://www.nordnet.se/mux/web/marknaden/aktiehemsidan/index.html?identifier=76461&marketid=11;;Oasmia Pharmaceutical AB;OASM;11;76461
OBAB.ST;ONLINE BRANDS NORDIC;;;;;;;;;;;;;;;;;;;;;;;;;;;
OBDU-B.NGM;OBDUCAT B;0.84;72.2;123;55.9;135;56.9;252;61.7;170;32;43.8;7.51;5.14;-4.68;-3.17;7.31;3.88;-0.88;-0.23;10.9;https://www.swedishbulls.com/SignalPage.aspx?lang=en&Ticker=OBDU-B.NGM;https://www.nordnet.se/mux/web/marknaden/aktiehemsidan/index.html?identifier=J&marketid=13;;Obducat B;OBDU B;13;J
OBDU-PREF-B.NGM;OBDUCAT PRF;;;;;;;;;;;;;;;;;;;;;;;;;;;
ODD.ST;ODD MOLLY INTERNATIONAL;17.95;52.6;104;56.8;130;54.2;169;54.5;134;35;44.4;3.72;2.37;-2.32;-1.85;4.63;3.73;-0.17;-0.03;3.16;https://www.swedishbulls.com/SignalPage.aspx?lang=en&Ticker=ODD.ST;https://www.nordnet.se/mux/web/marknaden/aktiehemsidan/index.html?identifier=40936&marketid=11;;Odd Molly International AB;ODD;11;40936
OEM-B.ST;OEM INTERNATIONAL B;168.0;71.4;105;65.6;131;60.0;182;65.7;139;35;64.7;2.92;1.68;-1.35;-1.6;4.0;2.36;0.16;1.31;1.23;https://www.swedishbulls.com/SignalPage.aspx?lang=en&Ticker=OEM-B.ST;https://www.nordnet.se/mux/web/marknaden/aktiehemsidan/index.html?identifier=927&marketid=11;;OEM International AB ser. B;OEM B;11;927
OLDM.ST;OLD MUTUAL;28.73;33.3;96;50.0;92;45.0;99;42.8;95;18;33.3;3.87;2.28;-1.5;-1.41;4.17;4.44;-0.26;-0.41;1.0;https://www.swedishbulls.com/SignalPage.aspx?lang=en&Ticker=OLDM.ST;https://www.nordnet.se/mux/web/marknaden/aktiehemsidan/index.html?identifier=33014&marketid=11;;Old Mutual Plc;OLDM;11;33014
ONCO.ST;ONCOPEPTIDES;79.2;70.6;155;61.3;252;61.3;252;64.4;219;15;78.6;6.42;3.98;-1.06;-0.31;10.61;5.59;3.53;7.31;1.15;https://www.swedishbulls.com/SignalPage.aspx?lang=en&Ticker=ONCO.ST;https://www.nordnet.se/mux/web/marknaden/aktiehemsidan/index.html?identifier=133615&marketid=11;;Oncopeptides AB;ONCO;11;133615
OP.ST;OSCAR PROPERTIES;28.0;55.6;127;55.3;116;54.0;211;55.0;151;31;45.2;5.04;2.35;-3.01;-1.75;6.59;3.85;-0.02;0.53;2.95;https://www.swedishbulls.com/SignalPage.aspx?lang=en&Ticker=OP.ST;;;;;;
OP-PREF.ST;OSCAR PROPERTIES PRF;211.0;42.1;133;37.8;135;36.7;132;38.9;133;39;39.5;1.94;0.88;-0.83;-0.57;3.33;1.94;-0.38;0.01;1.35;https://www.swedishbulls.com/SignalPage.aspx?lang=en&Ticker=OP-PREF.ST;https://www.nordnet.se/mux/web/marknaden/aktiehemsidan/index.html?identifier=109238&marketid=11;;Oscar Properties Holding AB PREF;OP PREF;11;109238
OP-PREFB.ST;OSCAR PROPERTIES HOLDING PRF;488.0;23.8;93;25.8;92;21.3;86;23.6;90;23;26.1;0.85;0.47;-0.73;-0.59;1.26;0.49;-1.11;-1.01;1.07;https://www.swedishbulls.com/SignalPage.aspx?lang=en&Ticker=OP-PREFB.ST;https://www.nordnet.se/mux/web/marknaden/aktiehemsidan/index.html?identifier=121882&marketid=11;;Oscar Properties Holding AB PREFB;OP PREFB;11;121882
OPUS.ST;OPUS GROUP;6.15;66.7;114;48.3;112;47.7;249;54.2;158;32;46.9;3.92;2.13;-1.39;-1.47;7.8;5.89;1.18;2.12;1.37;https://www.swedishbulls.com/SignalPage.aspx?lang=en&Ticker=OPUS.ST;https://www.nordnet.se/mux/web/marknaden/aktiehemsidan/index.html?identifier=35920&marketid=11;;Opus Group AB;OPUS;11;35920
ORES.ST;INVESTMENT OERESUND;127.8;66.7;109;64.7;117;64.3;196;65.2;140;35;70.6;2.66;1.29;-0.85;-0.78;3.59;1.98;0.37;1.48;1.17;https://www.swedishbulls.com/SignalPage.aspx?lang=en&Ticker=ORES.ST;https://www.nordnet.se/mux/web/marknaden/aktiehemsidan/index.html?identifier=863&marketid=11;;Öresund, Investment AB;ORES;11;863
ORGC.ST;ORGANOCLICK;5.48;43.8;92;50.0;88;50.0;107;47.9;95;36;40.0;3.19;2.56;-2.45;-2.03;5.07;3.36;-0.67;-0.24;1.33;https://www.swedishbulls.com/SignalPage.aspx?lang=en&Ticker=ORGC.ST;https://www.nordnet.se/mux/web/marknaden/aktiehemsidan/index.html?identifier=106253&marketid=11;;OrganoClick AB;ORGC;11;106253
ORIF.ST;ORIFLAME HOLDING;400.0;57.1;139;55.8;161;57.3;466;56.7;255;37;63.9;4.53;1.92;-1.93;-0.46;8.42;4.14;1.68;3.88;1.03;https://www.swedishbulls.com/SignalPage.aspx?lang=en&Ticker=ORIF.ST;https://www.nordnet.se/mux/web/marknaden/aktiehemsidan/index.html?identifier=110536&marketid=11;YES;Oriflame Holding AG;ORI;11;110536
ORTI-A.ST;ORTIVUS A;;;;;;;;;;;;;;;;;;;;;;;;;;;
ORTI-B.ST;ORTIVUS B;2.455;60.0;133;62.9;201;58.0;356;60.3;230;34;58.8;5.5;3.1;-3.12;-3.13;8.17;2.91;-0.38;2.72;2.0;https://www.swedishbulls.com/SignalPage.aspx?lang=en&Ticker=ORTI-B.ST;https://www.nordnet.se/mux/web/marknaden/aktiehemsidan/index.html?identifier=1032&marketid=11;;Ortivus AB ser. B;ORTI B;11;1032
ORX.ST;OREXO;38.8;81.2;167;65.8;238;66.7;440;71.2;281;36;57.1;6.27;4.01;-2.09;-1.79;8.49;7.66;2.81;3.15;1.53;https://www.swedishbulls.com/SignalPage.aspx?lang=en&Ticker=ORX.ST;https://www.nordnet.se/mux/web/marknaden/aktiehemsidan/index.html?identifier=31885&marketid=11;;Orexo AB;ORX;11;31885
PACT.ST;PROACT IT GROUP;145.2;63.6;147;54.8;168;56.9;256;58.4;190;36;60.0;3.13;1.88;-1.34;-0.97;5.12;4.99;1.81;1.74;1.36;https://www.swedishbulls.com/SignalPage.aspx?lang=en&Ticker=PACT.ST;https://www.nordnet.se/mux/web/marknaden/aktiehemsidan/index.html?identifier=4003&marketid=11;;Proact IT Group AB;PACT;11;4003
PALS-B.ST;PALLAS GROUP;0.502;53.3;114;64.0;160;64.0;160;60.4;144;12;50.0;7.54;5.1;-5.88;-4.44;12.37;10.78;2.37;2.44;1.27;https://www.swedishbulls.com/SignalPage.aspx?lang=en&Ticker=PALS-B.ST;https://www.nordnet.se/mux/web/marknaden/aktiehemsidan/index.html?identifier=76786&marketid=11;;Pallas Group AB;PALS B;11;76786
PCAT.ST;PHOTOCAT;;;;;;;;;;;;;;;;;;;;;;;;;;;
PCELL.ST;POWERCELL SWEDEN;25.0;73.3;144;75.9;280;64.7;795;71.3;406;33;63.6;7.05;4.22;-4.55;-3.49;10.13;7.24;2.53;3.99;1.79;https://www.swedishbulls.com/SignalPage.aspx?lang=en&Ticker=PCELL.ST;https://www.nordnet.se/mux/web/marknaden/aktiehemsidan/index.html?identifier=105121&marketid=11;;PowerCell Sweden AB;PCELL;11;105121
PDX.ST;PARADOX INTERACTIVE;125.6;64.7;152;65.7;221;57.6;216;62.7;196;29;72.4;3.39;2.28;-2.01;-2.32;5.46;4.7;1.96;2.6;1.05;https://www.swedishbulls.com/SignalPage.aspx?lang=en&Ticker=PDX.ST;https://www.nordnet.se/mux/web/marknaden/aktiehemsidan/index.html?identifier=123234&marketid=11;;Paradox Interactive AB;PDX;11;123234
PEAB-B.ST;PEAB B;75.1;80.0;147;65.7;187;61.4;212;69.0;182;34;54.3;2.96;1.36;-1.36;-0.63;4.85;3.15;0.62;1.21;1.49;https://www.swedishbulls.com/SignalPage.aspx?lang=en&Ticker=PEAB-B.ST;https://www.nordnet.se/mux/web/marknaden/aktiehemsidan/index.html?identifier=928&marketid=11;;Peab AB ser. B;PEAB B;11;928
PEGRO-PREF.ST;PEGROCO INVEST PRF;119.0;30.0;87;30.0;93;33.3;87;31.1;89;33;34.4;0.99;0.75;-0.72;-0.7;2.1;1.45;-0.76;-0.55;1.01;https://www.swedishbulls.com/SignalPage.aspx?lang=en&Ticker=PEGRO-PREF.ST;https://www.nordnet.se/mux/web/marknaden/aktiehemsidan/index.html?identifier=110545&marketid=11;;Pegroco Invest AB;PEGRO PREF;11;110545
PFE.ST;PFIZER;294.0;47.4;97;56.4;102;64.2;158;56.0;119;33;66.7;2.41;1.31;-1.15;-1.04;3.26;1.15;-0.38;0.99;1.08;https://www.swedishbulls.com/SignalPage.aspx?lang=en&Ticker=PFE.ST;https://www.nordnet.se/mux/web/marknaden/aktiehemsidan/index.html?identifier=PFE&marketid=17;;Pfizer, Inc.;PFE;17;PFE
PIEZO.ST;PIEZOMOTOR UPPSALA;47.2;76.9;328;75.9;519;66.0;653;72.9;500;23;73.9;8.76;4.33;-3.91;-4.04;14.68;8.19;4.2;9.03;1.15;https://www.swedishbulls.com/SignalPage.aspx?lang=en&Ticker=PIEZO.ST;https://www.nordnet.se/mux/web/marknaden/aktiehemsidan/index.html?identifier=123299&marketid=11;;PiezoMotor Uppsala AB;PIEZO;11;123299
PLAZ-B.ST;PLATZER FASTIGHETER;52.4;52.6;119;47.2;126;49.3;171;49.7;138;36;50.0;2.69;1.58;-1.47;-1.36;4.57;2.99;0.02;0.75;1.08;https://www.swedishbulls.com/SignalPage.aspx?lang=en&Ticker=PLAZ-B.ST;https://www.nordnet.se/mux/web/marknaden/aktiehemsidan/index.html?identifier=98395&marketid=11;;Platzer Fastigheter Holding AB ser. B;PLAZ B;11;98395
PLED.ST;PLED PHARMA;14.6;52.6;133;60.5;144;49.3;168;54.1;148;37;45.9;6.15;2.63;-2.77;-2.07;5.57;2.17;-0.92;0.26;3.22;https://www.swedishbulls.com/SignalPage.aspx?lang=en&Ticker=PLED.ST;https://www.nordnet.se/mux/web/marknaden/aktiehemsidan/index.html?identifier=81313&marketid=11;;PledPharma AB;PLED;11;81313
PNDX-B.ST;PANDOX;149.8;92.3;126;80.6;127;69.6;156;80.8;136;34;66.7;2.72;1.93;-1.75;-1.23;3.23;2.98;0.78;0.77;1.07;https://www.swedishbulls.com/SignalPage.aspx?lang=en&Ticker=PNDX-B.ST;https://www.nordnet.se/mux/web/marknaden/aktiehemsidan/index.html?identifier=110533&marketid=11;;Pandox AB ser. B;PNDX B;11;110533
PNVA.NGM;PAYNOVA;0.4;50.0;90;53.6;121;53.2;154;52.3;121;31;43.3;5.4;3.86;-3.08;-3.02;7.42;5.1;-0.3;0.67;2.42;https://www.swedishbulls.com/SignalPage.aspx?lang=en&Ticker=PNVA.NGM;https://www.nordnet.se/mux/web/marknaden/aktiehemsidan/index.html?identifier=86&marketid=13;YES;Paynova;PAY;13;86
POLY.ST;POLYPLANK;0.155;55.6;114;65.2;124;64.4;420;61.7;219;22;47.6;10.53;5.1;-5.12;-4.49;17.29;4.27;-1.12;4.75;6.99;https://www.swedishbulls.com/SignalPage.aspx?lang=en&Ticker=POLY.ST;https://www.nordnet.se/mux/web/marknaden/aktiehemsidan/index.html?identifier=87179&marketid=11;;Polyplank AB;POLY;11;87179
POLYG.ST;POLYGIENE;9.7;50.0;94;42.1;85;45.2;109;45.8;96;31;46.7;3.92;2.42;-3.01;-1.71;5.71;4.63;0.45;0.26;1.72;https://www.swedishbulls.com/SignalPage.aspx?lang=en&Ticker=POLYG.ST;https://www.nordnet.se/mux/web/marknaden/aktiehemsidan/index.html?identifier=119989&marketid=11;;Polygiene AB;POLYG;11;119989
POOL-B.ST;POOLIA B;12.7;50.0;84;36.4;69;41.5;77;42.6;76;32;35.5;3.38;2.18;-3.46;-2.51;5.23;3.73;-1.09;-1.18;1.44;https://www.swedishbulls.com/SignalPage.aspx?lang=en&Ticker=POOL-B.ST;https://www.nordnet.se/mux/web/marknaden/aktiehemsidan/index.html?identifier=3974&marketid=11;;Poolia AB ser. B;POOL B;11;3974
PRCO-B.ST;PRECIO FISHBONE B;19.75;66.7;108;56.7;102;58.9;113;60.8;107;28;66.7;2.72;1.71;-3.57;-1.67;3.15;1.78;-0.17;0.11;1.03;https://www.swedishbulls.com/SignalPage.aspx?lang=en&Ticker=PRCO-B.ST;https://www.nordnet.se/mux/web/marknaden/aktiehemsidan/index.html?identifier=62455&marketid=11;;Precio Fishbone AB ser. B;PRCO B;11;62455
PREC.ST;PRECISE BIOMETRICS;1.362;44.4;80;53.8;128;54.0;491;50.7;233;25;41.7;10.39;3.54;-2.8;-2.58;19.45;7.54;0.84;5.68;3.77;https://www.swedishbulls.com/SignalPage.aspx?lang=en&Ticker=PREC.ST;https://www.nordnet.se/mux/web/marknaden/aktiehemsidan/index.html?identifier=10751&marketid=11;;Precise Biometrics AB;PREC;11;10751
PREV-B.ST;PREVAS B;18.0;42.1;120;30.8;101;38.1;124;37.0;115;31;41.9;3.04;2.03;-2.02;-1.89;5.38;4.4;-0.05;0.28;1.12;https://www.swedishbulls.com/SignalPage.aspx?lang=en&Ticker=PREV-B.ST;https://www.nordnet.se/mux/web/marknaden/aktiehemsidan/index.html?identifier=1039&marketid=11;;Prevas AB ser. B;PREV B;11;1039
PRIC-B.ST;PRICER B;8.42;63.2;110;57.6;106;61.1;176;60.6;130;35;61.1;2.99;1.7;-0.95;-0.57;3.84;2.72;0.64;1.18;1.43;https://www.swedishbulls.com/SignalPage.aspx?lang=en&Ticker=PRIC-B.ST;https://www.nordnet.se/mux/web/marknaden/aktiehemsidan/index.html?identifier=1040&marketid=11;;Pricer AB ser. B;PRIC B;11;1040
PRIME.ST;PRIME LIVING;71.0;88.9;114;66.7;140;62.8;267;72.8;173;21;66.7;6.17;2.73;-1.86;-1.79;9.25;5.49;2.27;4.75;1.99;https://www.swedishbulls.com/SignalPage.aspx?lang=en&Ticker=PRIME.ST;https://www.nordnet.se/mux/web/marknaden/aktiehemsidan/index.html?identifier=110385&marketid=11;;Prime Living AB;PRIME;11;110385
PRLD.NGM;PROLIGHT DIAGNOSTICS;4.4;66.7;1782;65.2;2588;65.2;2588;65.7;2319;11;72.7;28.63;7.33;-7.49;-7.08;64.21;34.8;22.57;43.84;1.49;https://www.swedishbulls.com/SignalPage.aspx?lang=en&Ticker=PRLD.NGM;https://www.nordnet.se/mux/web/marknaden/aktiehemsidan/index.html?identifier=3NT5&marketid=13;YES;Prolight Diagnostics;PRLD MTF;13;3NT5
PROB.ST;PROBI AB;438.4;66.7;151;71.4;205;68.7;983;68.9;446;33;66.7;7.31;3.56;-4.9;-2.42;13.76;7.14;3.16;6.75;1.39;https://www.swedishbulls.com/SignalPage.aspx?lang=en&Ticker=PROB.ST;https://www.nordnet.se/mux/web/marknaden/aktiehemsidan/index.html?identifier=27701&marketid=11;;Probi AB;PROB;11;27701
PROF-B.ST;PROFILGRUPPEN B;116.4;57.9;114;55.8;124;55.6;275;56.4;171;30;60.0;4.81;2.22;-1.36;-0.77;7.73;4.54;1.62;3.29;1.21;https://www.swedishbulls.com/SignalPage.aspx?lang=en&Ticker=PROF-B.ST;https://www.nordnet.se/mux/web/marknaden/aktiehemsidan/index.html?identifier=929&marketid=11;;ProfilGruppen AB ser. B;PROF B;11;929
PXXS-SDB.ST;PEARL EXPLORATION AND PROD GDR;6.8;71.4;127;57.6;188;51.6;519;60.2;278;31;50.0;6.15;2.78;-2.39;-2.02;12.49;8.9;2.64;4.25;1.83;https://www.swedishbulls.com/SignalPage.aspx?lang=en&Ticker=PXXS-SDB.ST;https://www.nordnet.se/mux/web/marknaden/aktiehemsidan/index.html?identifier=41187&marketid=11;;BlackPearl Resources Inc. SDB;PXXS SDB;11;41187
QLRO.ST;QLIRO GROUP;12.2;33.3;91;50.0;120;54.2;201;45.8;137;36;51.4;4.09;2.65;-2.02;-1.2;6.29;6.2;1.8;1.45;1.4;https://www.swedishbulls.com/SignalPage.aspx?lang=en&Ticker=QLRO.ST;https://www.nordnet.se/mux/web/marknaden/aktiehemsidan/index.html?identifier=79303&marketid=11;;Qliro Group AB;QLRO;11;79303
QUART-PREF.ST;QUARTIERS PROPERTIES PRF;9.88;33.3;97;27.8;96;34.8;97;32.0;96;11;30.0;0.86;0.5;-0.62;-0.5;2.19;3.08;-0.23;-0.58;1.02;https://www.swedishbulls.com/SignalPage.aspx?lang=en&Ticker=QUART-PREF.ST;https://www.nordnet.se/mux/web/marknaden/aktiehemsidan/index.html?identifier=139716&marketid=11;;Quartiers Properties AB Pref;QUART PREF;11;139716
RATO-A.ST;RATOS A;40.5;76.5;134;62.2;141;63.4;248;67.4;174;35;51.4;3.53;2.02;-1.52;-1.28;4.78;2.77;0.0;0.92;1.71;https://www.swedishbulls.com/SignalPage.aspx?lang=en&Ticker=RATO-A.ST;https://www.nordnet.se/mux/web/marknaden/aktiehemsidan/index.html?identifier=1044&marketid=11;;Ratos AB ser. A;RATO A;11;1044
RATO-B.ST;RATOS B;32.54;71.4;109;64.9;115;60.5;149;65.6;124;40;61.5;2.62;1.44;-1.11;-0.55;2.83;2.67;0.63;0.51;1.48;https://www.swedishbulls.com/SignalPage.aspx?lang=en&Ticker=RATO-B.ST;https://www.nordnet.se/mux/web/marknaden/aktiehemsidan/index.html?identifier=1045&marketid=11;;Ratos AB ser. B;RATO B;11;1045
RAY-B.ST;RAYSEARCH LABORATORIES B;123.0;93.8;170;73.3;202;66.7;503;77.9;291;33;68.8;5.71;2.91;-0.85;-0.27;8.29;4.4;2.14;4.64;1.8;https://www.swedishbulls.com/SignalPage.aspx?lang=en&Ticker=RAY-B.ST;https://www.nordnet.se/mux/web/marknaden/aktiehemsidan/index.html?identifier=1063&marketid=11;;RaySearch Laboratories AB ser. B;RAY B;11;1063
RECI-B.ST;RECIPHARM AB;95.6;63.2;117;62.2;149;63.4;234;62.9;166;35;68.6;3.28;1.75;-2.13;-1.93;3.63;2.29;0.16;1.02;1.51;https://www.swedishbulls.com/SignalPage.aspx?lang=en&Ticker=RECI-B.ST;https://www.nordnet.se/mux/web/marknaden/aktiehemsidan/index.html?identifier=100208&marketid=11;;Recipharm AB;RECI B;11;100208
REJL-B.ST;REJLERS B;51.8;55.0;110;55.6;148;54.7;207;55.1;155;32;38.7;3.51;1.54;-1.18;-0.89;7.14;2.8;-0.26;1.24;1.7;https://www.swedishbulls.com/SignalPage.aspx?lang=en&Ticker=REJL-B.ST;https://www.nordnet.se/mux/web/marknaden/aktiehemsidan/index.html?identifier=37758&marketid=11;;Rejlers AB;REJL B;11;37758
RENT.NGM;RENTUNDER HOLDING;3.11;72.2;139;75.0;161;75.0;161;74.1;153;12;63.6;5.85;3.95;-4.56;-4.7;5.23;2.99;-0.61;0.87;1.69;https://www.swedishbulls.com/SignalPage.aspx?lang=en&Ticker=RENT.NGM;https://www.nordnet.se/mux/web/marknaden/aktiehemsidan/index.html?identifier=3R03&marketid=13;YES;Rentunder Holding;RENT MTF;13;3R03
RESURS.ST;RESURS HOLDING;59.0;47.4;95;61.3;114;70.9;180;59.9;129;27;70.4;2.56;1.75;-0.78;-0.5;3.69;2.5;0.81;1.57;1.11;https://www.swedishbulls.com/SignalPage.aspx?lang=en&Ticker=RESURS.ST;https://www.nordnet.se/mux/web/marknaden/aktiehemsidan/index.html?identifier=121360&marketid=11;;Resurs Holding AB;RESURS;11;121360
REZT.ST;REZIDOR HOTEL GROUP;23.4;57.9;108;55.0;113;60.7;139;57.9;120;30;48.3;3.07;2.27;-2.08;-1.89;3.67;2.95;-0.35;-0.1;1.69;https://www.swedishbulls.com/SignalPage.aspx?lang=en&Ticker=REZT.ST;https://www.nordnet.se/mux/web/marknaden/aktiehemsidan/index.html?identifier=37352&marketid=11;;Rezidor Hotel Group AB;REZT;11;37352
RISEN.NGM;RIPASSO ENERGY;7.3;68.8;218;69.4;368;67.5;376;68.6;320;20;57.9;11.08;4.15;-3.43;-2.96;24.54;10.9;4.26;11.96;1.1;https://www.swedishbulls.com/SignalPage.aspx?lang=en&Ticker=RISEN.NGM;https://www.nordnet.se/mux/web/marknaden/aktiehemsidan/index.html?identifier=3HJN&marketid=13;YES;Ripasso Energy;RISE MTF;13;3HJN
RLS.ST;RUBICON LIFE SCIENCE;6.92;84.6;194;59.3;202;57.6;364;67.2;253;29;50.0;6.68;3.66;-1.85;-1.34;10.61;5.86;1.46;3.58;2.01;https://www.swedishbulls.com/SignalPage.aspx?lang=en&Ticker=RLS.ST;https://www.nordnet.se/mux/web/marknaden/aktiehemsidan/index.html?identifier=87701&marketid=11;;RLS Global AB;RLS;11;87701
RNBS.ST;RETAIL AND BRANDS;7.89;52.4;94;43.9;95;50.7;184;49.0;124;34;44.1;3.96;2.33;-2.08;-1.47;6.67;3.41;-0.12;0.98;2.4;https://www.swedishbulls.com/SignalPage.aspx?lang=en&Ticker=RNBS.ST;https://www.nordnet.se/mux/web/marknaden/aktiehemsidan/index.html?identifier=13467&marketid=11;;RNB RETAIL AND BRANDS AB;RNBS;11;13467
RROS.ST;ROTTNEROS;7.52;71.4;116;53.1;136;51.6;156;58.7;136;32;51.6;3.15;1.78;-1.53;-0.73;4.52;2.71;0.25;0.79;1.13;https://www.swedishbulls.com/SignalPage.aspx?lang=en&Ticker=RROS.ST;https://www.nordnet.se/mux/web/marknaden/aktiehemsidan/index.html?identifier=930&marketid=11;;Rottneros AB;RROS;11;930
RTC.ST;RETHINKING CARE SWEDEN;1.63;60.0;94;59.3;143;57.1;134;58.8;123;14;46.2;8.05;3.59;-2.33;-2.04;10.63;8.59;2.07;2.86;1.76;https://www.swedishbulls.com/SignalPage.aspx?lang=en&Ticker=RTC.ST;https://www.nordnet.se/mux/web/marknaden/aktiehemsidan/index.html?identifier=131080&marketid=11;;Rethinking Care Sweden AB;RTC;11;131080
SAAB-B.ST;SAAB B;377.9;73.7;117;81.8;190;67.1;260;74.2;189;36;75.0;2.45;1.37;-0.47;-0.37;3.53;2.74;1.16;1.73;1.19;https://www.swedishbulls.com/SignalPage.aspx?lang=en&Ticker=SAAB-B.ST;https://www.nordnet.se/mux/web/marknaden/aktiehemsidan/index.html?identifier=1051&marketid=11;;SAAB AB ser. B;SAAB B;11;1051
SAGA-A.ST;SAGAX;;;;;;;;;;;;;;;;;;;;;;https://www.nordnet.se/mux/web/marknaden/aktiehemsidan/index.html?identifier=43045&marketid=11;YES;;;;
SAGA-B.ST;SAGAX B;99.6;47.1;90;48.6;101;50.7;142;48.8;111;35;50.0;2.7;1.84;-1.87;-1.92;4.79;3.22;-0.15;0.66;1.08;https://www.swedishbulls.com/SignalPage.aspx?lang=en&Ticker=SAGA-B.ST;https://www.nordnet.se/mux/web/marknaden/aktiehemsidan/index.html?identifier=93169&marketid=11;;Sagax AB B;SAGA B;11;93169
SAGA-D.ST;SAGAX LINE D;32.1;33.3;101;51.9;113;51.4;111;45.5;108;17;76.5;1.2;0.63;-0.73;-0.61;1.66;0.65;-0.45;0.3;1.0;https://www.swedishbulls.com/SignalPage.aspx?lang=en&Ticker=SAGA-D.ST;https://www.nordnet.se/mux/web/marknaden/aktiehemsidan/index.html?identifier=128555&marketid=11;;Sagax AB D;SAGA D;11;128555
SAGA-PREF.ST;SAGAX PRF;35.0;50.0;100;60.0;109;57.4;115;55.8;108;34;66.7;1.19;0.84;-0.66;-0.6;1.33;0.67;-0.55;-0.13;1.0;https://www.swedishbulls.com/SignalPage.aspx?lang=en&Ticker=SAGA-PREF.ST;https://www.nordnet.se/mux/web/marknaden/aktiehemsidan/index.html?identifier=43046&marketid=11;;Sagax AB pref;SAGA PREF;11;43046
SALT-B.ST;SALTX TECHNOLOGY HOLDING;18.89;71.4;186;64.5;883;58.6;6609;64.8;2559;35;58.8;13.72;7.2;-3.65;-2.23;27.47;16.92;8.23;13.85;2.3;https://www.swedishbulls.com/SignalPage.aspx?lang=en&Ticker=SALT-B.ST;https://www.nordnet.se/mux/web/marknaden/aktiehemsidan/index.html?identifier=108329&marketid=11;;SaltX Technology Holding AB ser. B;SALT B;11;108329
SAND.ST;SANDVIK;152.45;57.1;116;50.0;110;51.1;165;52.7;130;45;63.6;2.14;1.56;-1.16;-0.96;3.27;2.77;0.61;0.86;1.06;https://www.swedishbulls.com/SignalPage.aspx?lang=en&Ticker=SAND.ST;https://www.nordnet.se/mux/web/marknaden/aktiehemsidan/index.html?identifier=4928&marketid=11;;Sandvik AB;SAND;11;4928
SANION.ST;SANIONA A/S;26.95;71.4;125;75.0;188;75.0;1096;73.8;469;32;74.2;7.65;4.18;-2.64;-2.53;9.68;5.41;2.56;5.7;1.8;https://www.swedishbulls.com/SignalPage.aspx?lang=en&Ticker=SANION.ST;https://www.nordnet.se/mux/web/marknaden/aktiehemsidan/index.html?identifier=100428&marketid=11;;Saniona AB;SANION;11;100428
SAPIAB.ST;SALTANGEN;124.6;44.4;112;38.1;109;40.5;118;41.0;113;37;55.6;1.11;0.74;-0.62;-0.49;1.8;1.5;-0.18;-0.07;1.06;https://www.swedishbulls.com/SignalPage.aspx?lang=en&Ticker=SAPIAB.ST;https://www.nordnet.se/mux/web/marknaden/aktiehemsidan/index.html?identifier=105300&marketid=11;;Saltängen Property Invest AB;SAPIAB;11;105300
SARSYS.NGM;SCANDINAVIAN AIRPORT AND ROAD SYSTEM;5.38;23.5;59;27.6;41;27.6;41;26.2;47;14;21.4;4.4;4.17;-5.67;-4.51;3.32;1.97;-3.92;-4.55;1.4;https://www.swedishbulls.com/SignalPage.aspx?lang=en&Ticker=SARSYS.NGM;https://www.nordnet.se/mux/web/marknaden/aktiehemsidan/index.html?identifier=3M8Q&marketid=13;YES;Scandinavian Airport and Road Systems;SARS MTF;13;3M8Q
SAS.ST;SAS;19.8;57.1;122;60.6;215;55.8;263;57.8;200;38;45.9;4.12;2.25;-2.42;-1.1;7.77;4.94;0.87;1.46;1.36;https://www.swedishbulls.com/SignalPage.aspx?lang=en&Ticker=SAS.ST;https://www.nordnet.se/mux/web/marknaden/aktiehemsidan/index.html?identifier=13557&marketid=11;;SAS AB;SAS;11;13557
SAS-PREF.ST;SAS PRF;;;;;;;;;;;;;;;;;;;;;;;;;;;
SAVOS.ST;SAVO SOLAR;0.622;56.2;176;60.0;1803;63.9;5949;60.0;2642;30;60.0;12.98;4.41;-3.3;-3.23;20.22;4.53;0.63;10.01;5.43;https://www.swedishbulls.com/SignalPage.aspx?lang=en&Ticker=SAVOS.ST;https://www.nordnet.se/mux/web/marknaden/aktiehemsidan/index.html?identifier=108026&marketid=11;;Savo-Solar Plc;SAVOS;11;108026
SAXG.ST;SAXLUND GROUP;1.915;38.9;98;35.3;81;47.0;146;40.4;108;33;28.1;4.91;2.21;-3.87;-2.19;2.16;1.63;-1.92;-2.98;17.06;https://www.swedishbulls.com/SignalPage.aspx?lang=en&Ticker=SAXG.ST;https://www.nordnet.se/mux/web/marknaden/aktiehemsidan/index.html?identifier=32880&marketid=11;;Saxlund Group AB;SAXG;11;32880
SBB-B.ST;SAMHALLSBYGGNADSBOLAGET I NORDEN;7.14;45.0;99;57.1;145;51.3;265;51.1;169;38;51.4;5.19;2.61;-2.21;-1.67;8.56;8.25;2.63;2.53;1.31;https://www.swedishbulls.com/SignalPage.aspx?lang=en&Ticker=SBB-B.ST;https://www.nordnet.se/mux/web/marknaden/aktiehemsidan/index.html?identifier=103614&marketid=11;;Samhällsbyggnadsbolaget i Norden AB;SBB B;11;103614
SCA-A.ST;SVENSKA CELLULOSA A;88.5;60.0;129;46.3;144;57.3;179;54.5;150;37;62.2;2.45;1.2;-0.87;-0.63;3.71;1.23;-0.27;1.18;1.15;https://www.swedishbulls.com/SignalPage.aspx?lang=en&Ticker=SCA-A.ST;https://www.nordnet.se/mux/web/marknaden/aktiehemsidan/index.html?identifier=322&marketid=11;;Svenska Cellulosa AB SCA ser. A;SCA A;11;322
SCA-B.ST;SVENSKA CELLULOSA B;88.92;70.6;134;62.2;151;54.3;149;62.4;144;40;67.5;2.12;1.1;-1.26;-1.01;3.2;2.52;0.57;0.95;1.02;https://www.swedishbulls.com/SignalPage.aspx?lang=en&Ticker=SCA-B.ST;https://www.nordnet.se/mux/web/marknaden/aktiehemsidan/index.html?identifier=323&marketid=11;;Svenska Cellulosa AB SCA ser. B;SCA B;11;323
SCST.ST;SCANDI STANDARD;57.4;30.0;92;34.1;84;45.0;107;36.4;94;40;46.2;1.93;1.42;-1.22;-1.26;2.55;1.82;-0.64;-0.28;1.12;https://www.swedishbulls.com/SignalPage.aspx?lang=en&Ticker=SCST.ST;https://www.nordnet.se/mux/web/marknaden/aktiehemsidan/index.html?identifier=101634&marketid=11;;Scandi Standard AB;SCST;11;101634
SDIP-B.ST;SDIPTECH;43.2;75.0;125;65.5;124;65.5;124;68.7;124;14;57.1;3.29;2.11;-2.62;-1.59;4.66;2.39;-0.12;0.74;1.17;https://www.swedishbulls.com/SignalPage.aspx?lang=en&Ticker=SDIP-B.ST;https://www.nordnet.se/mux/web/marknaden/aktiehemsidan/index.html?identifier=137416&marketid=11;;Sdiptech AB ser. B;SDIP B;11;137416
SDIP-PREF.ST;SDIPTECH PRF;105.5;11.1;89;30.0;100;31.2;96;24.1;95;32;32.3;1.15;0.72;-0.55;-0.54;2.9;1.51;-0.68;-0.24;1.02;https://www.swedishbulls.com/SignalPage.aspx?lang=en&Ticker=SDIP-PREF.ST;https://www.nordnet.se/mux/web/marknaden/aktiehemsidan/index.html?identifier=106736&marketid=11;;Sdiptech AB Pref;SDIP PREF;11;106736
SDOS.ST;SCANDIDOS;5.69;64.3;121;65.4;223;48.4;215;59.4;186;32;54.8;5.36;2.95;-2.92;-2.29;8.43;7.0;2.0;2.5;1.3;https://www.swedishbulls.com/SignalPage.aspx?lang=en&Ticker=SDOS.ST;https://www.nordnet.se/mux/web/marknaden/aktiehemsidan/index.html?identifier=100380&marketid=11;;ScandiDos AB;SDOS;11;100380
SEAM.ST;SEAMLESS DISTRIBUTION B;;;;;;;;;;;;;;;;;;;;;;;;;;;
SEB-A.ST;SE BANKEN A;87.44;47.6;97;51.1;94;59.5;136;52.7;109;39;55.3;2.05;0.87;-1.02;-0.63;3.44;3.57;0.89;0.65;1.23;https://www.swedishbulls.com/SignalPage.aspx?lang=en&Ticker=SEB-A.ST;https://www.nordnet.se/mux/web/marknaden/aktiehemsidan/index.html?identifier=281&marketid=11;YES;Skandinaviska Enskilda Banken ser. A;SEB A;11;281
SEB-C.ST;SE BANKEN C;91.6;75.0;106;63.9;103;64.3;146;67.7;118;35;70.6;1.82;0.99;-0.78;-0.68;2.22;1.57;0.11;0.54;1.06;https://www.swedishbulls.com/SignalPage.aspx?lang=en&Ticker=SEB-C.ST;https://www.nordnet.se/mux/web/marknaden/aktiehemsidan/index.html?identifier=282&marketid=11;YES;Skandinaviska Enskilda Banken ser. C;SEB C;11;282
SECARE.ST;SWEDENCARE;34.0;50.0;126;59.4;134;53.8;124;54.4;128;26;60.0;3.07;2.08;-2.37;-1.54;4.19;2.94;0.35;0.77;1.02;https://www.swedishbulls.com/SignalPage.aspx?lang=en&Ticker=SECARE.ST;https://www.nordnet.se/mux/web/marknaden/aktiehemsidan/index.html?identifier=123400&marketid=11;;Swedencare AB;SECARE;11;123400
SECI.ST;SECITS HOLDING;8.38;50.0;75;54.2;87;54.2;87;52.8;83;12;36.4;5.74;4.68;-5.09;-5.02;7.6;5.22;-2.09;-1.27;1.96;https://www.swedishbulls.com/SignalPage.aspx?lang=en&Ticker=SECI.ST;https://www.nordnet.se/mux/web/marknaden/aktiehemsidan/index.html?identifier=137562&marketid=11;;SECITS Holding AB;SECI;11;137562
SECT-B.ST;SECTRA B;171.4;36.4;108;37.5;108;45.8;199;39.9;138;36;57.1;3.29;1.95;-1.74;-1.73;5.54;4.38;0.96;1.62;1.06;https://www.swedishbulls.com/SignalPage.aspx?lang=en&Ticker=SECT-B.ST;https://www.nordnet.se/mux/web/marknaden/aktiehemsidan/index.html?identifier=3083&marketid=11;;SECTRA AB ser B;SECT B;11;3083
SECU-B.ST;SECURITAS B;141.75;73.3;110;71.0;131;65.1;141;69.8;127;31;70.0;2.11;1.4;-0.93;-0.55;2.47;2.44;0.74;0.65;1.07;https://www.swedishbulls.com/SignalPage.aspx?lang=en&Ticker=SECU-B.ST;https://www.nordnet.se/mux/web/marknaden/aktiehemsidan/index.html?identifier=401&marketid=11;;Securitas AB ser. B;SECU B;11;401
SEMC.ST;SEMCON;53.0;50.0;125;50.0;139;45.6;208;48.5;157;34;48.5;3.15;1.53;-1.36;-1.29;6.39;2.79;-0.11;1.6;1.15;https://www.swedishbulls.com/SignalPage.aspx?lang=en&Ticker=SEMC.ST;https://www.nordnet.se/mux/web/marknaden/aktiehemsidan/index.html?identifier=1054&marketid=11;;Semcon AB;SEMC;11;1054
SENS.ST;SENSYS GATSO;1.26;63.2;232;60.0;358;64.4;513;62.5;367;36;58.3;6.25;2.85;-2.28;-1.38;9.07;5.47;1.81;3.54;2.31;https://www.swedishbulls.com/SignalPage.aspx?lang=en&Ticker=SENS.ST;https://www.nordnet.se/mux/web/marknaden/aktiehemsidan/index.html?identifier=12241&marketid=11;;Sensys Gatso Group AB;SENS;11;12241
SERT.ST;SERSTECH;1.82;57.1;267;59.4;483;56.2;7524;57.6;2758;32;41.9;16.94;5.36;-4.09;-2.53;53.08;14.46;3.79;19.06;2.48;https://www.swedishbulls.com/SignalPage.aspx?lang=en&Ticker=SERT.ST;https://www.nordnet.se/mux/web/marknaden/aktiehemsidan/index.html?identifier=96216&marketid=11;;Serstech AB;SERT;11;96216
SES.ST;SCAND ENVIRO SYS;1.54;60.0;672;55.2;750;54.4;1669;56.5;1030;33;45.5;9.92;4.17;-2.37;-1.89;24.51;12.5;3.86;9.06;2.21;https://www.swedishbulls.com/SignalPage.aspx?lang=en&Ticker=SES.ST;https://www.nordnet.se/mux/web/marknaden/aktiehemsidan/index.html?identifier=101603&marketid=11;;Scandinavian Enviro Systems AB;SES;11;101603
SEYE.ST;SMART EYE;34.9;80.0;84;68.4;96;70.0;109;72.8;96;20;73.7;4.76;2.29;-2.58;-1.78;3.38;2.61;0.66;1.01;1.32;https://www.swedishbulls.com/SignalPage.aspx?lang=en&Ticker=SEYE.ST;https://www.nordnet.se/mux/web/marknaden/aktiehemsidan/index.html?identifier=128635&marketid=11;;Smart Eye AB;SEYE;11;128635
SEZI.ST;SENZIME;7.56;55.6;90;52.8;120;54.7;174;54.4;128;32;58.1;5.97;3.76;-4.05;-3.68;6.73;4.45;0.24;1.41;1.1;https://www.swedishbulls.com/SignalPage.aspx?lang=en&Ticker=SEZI.ST;https://www.nordnet.se/mux/web/marknaden/aktiehemsidan/index.html?identifier=56147&marketid=11;;Senzime AB;SEZI;11;56147
SF.ST;STILLFRONT GROUP;173.0;87.5;196;70.0;316;60.6;399;72.7;303;33;65.6;5.76;3.01;-2.47;-2.24;8.97;3.17;0.51;4.23;1.05;https://www.swedishbulls.com/SignalPage.aspx?lang=en&Ticker=SF.ST;https://www.nordnet.se/mux/web/marknaden/aktiehemsidan/index.html?identifier=116312&marketid=11;;Stillfront Group AB;SF;11;116312
SHB-A.ST;SVENSKA HANDELSBANKEN A;104.2;76.5;108;65.7;107;63.2;140;68.5;118;37;57.9;2.14;1.11;-1.64;-0.79;3.26;3.03;0.62;0.4;1.31;https://www.swedishbulls.com/SignalPage.aspx?lang=en&Ticker=SHB-A.ST;https://www.nordnet.se/mux/web/marknaden/aktiehemsidan/index.html?identifier=340&marketid=11;;Svenska Handelsbanken ser. A;SHB A;11;340
SHB-B.ST;HANDELSBANKEN B;110.0;61.9;113;73.7;131;68.8;165;68.1;136;38;68.4;2.01;1.4;-1.05;-1.02;2.51;1.8;0.11;0.59;1.27;https://www.swedishbulls.com/SignalPage.aspx?lang=en&Ticker=SHB-B.ST;https://www.nordnet.se/mux/web/marknaden/aktiehemsidan/index.html?identifier=341&marketid=11;YES;Svenska Handelsbanken ser. B;SHB B;11;341
SHOT.ST;SCANDIC HOTELS GROUP;79.95;61.1;118;53.1;125;48.5;165;54.2;136;33;59.4;3.25;1.72;-2.88;-1.35;5.31;2.18;-0.05;1.18;1.32;https://www.swedishbulls.com/SignalPage.aspx?lang=en&Ticker=SHOT.ST;https://www.nordnet.se/mux/web/marknaden/aktiehemsidan/index.html?identifier=115964&marketid=11;;Scandic Hotels Group AB;SHOT;11;115964
SIMRIS-B.ST;SIMRIS ALG;9.5;71.4;175;53.3;172;58.0;269;60.9;205;25;50.0;6.2;3.21;-2.13;-1.44;9.87;6.21;1.58;3.07;2.14;https://www.swedishbulls.com/SignalPage.aspx?lang=en&Ticker=SIMRIS-B.ST;https://www.nordnet.se/mux/web/marknaden/aktiehemsidan/index.html?identifier=121365&marketid=11;;Simris Alg AB ser. B;SIMRIS B;11;121365
SINT.ST;SINTERCAST;64.4;50.0;118;41.2;102;42.9;98;44.7;106;35;35.3;2.0;1.23;-1.41;-1.14;2.7;2.03;-0.82;-0.76;1.37;https://www.swedishbulls.com/SignalPage.aspx?lang=en&Ticker=SINT.ST;https://www.nordnet.se/mux/web/marknaden/aktiehemsidan/index.html?identifier=1058&marketid=11;;SinterCast AB;SINT;11;1058
SJR-B.ST;SJR B;47.7;61.1;112;55.3;132;55.4;142;57.3;128;37;58.3;2.22;1.37;-1.3;-1.26;3.47;2.07;-0.12;0.68;1.04;https://www.swedishbulls.com/SignalPage.aspx?lang=en&Ticker=SJR-B.ST;https://www.nordnet.se/mux/web/marknaden/aktiehemsidan/index.html?identifier=39303&marketid=11;;SJR in Scandinavia AB ser. B;SJR B;11;39303
SKA-B.ST;SKANSKA B;170.65;37.5;105;50.0;116;50.0;134;45.8;118;41;55.0;1.81;1.05;-0.96;-0.63;2.23;1.74;-0.13;-0.01;1.28;https://www.swedishbulls.com/SignalPage.aspx?lang=en&Ticker=SKA-B.ST;https://www.nordnet.se/mux/web/marknaden/aktiehemsidan/index.html?identifier=283&marketid=11;;Skanska AB ser. B;SKA B;11;283
SKF-A.ST;SKF A;171.4;60.9;110;61.0;142;55.2;172;59.0;141;43;55.8;2.26;1.22;-0.95;-0.5;3.5;2.21;0.21;0.73;1.15;https://www.swedishbulls.com/SignalPage.aspx?lang=en&Ticker=SKF-A.ST;https://www.nordnet.se/mux/web/marknaden/aktiehemsidan/index.html?identifier=284&marketid=11;;SKF, AB ser. A;SKF A;11;284
SKF-B.ST;SKF B;170.5;66.7;113;51.4;132;57.7;170;58.6;138;38;59.0;2.53;1.36;-1.32;-0.73;3.92;2.89;0.61;0.97;1.12;https://www.swedishbulls.com/SignalPage.aspx?lang=en&Ticker=SKF-B.ST;https://www.nordnet.se/mux/web/marknaden/aktiehemsidan/index.html?identifier=285&marketid=11;;SKF, AB ser. B;SKF B;11;285
SKIS-B.ST;SKISTAR B;167.4;93.3;131;81.8;207;59.7;266;78.3;201;35;61.1;3.33;1.72;-0.9;-0.83;5.73;4.22;1.46;2.35;1.28;https://www.swedishbulls.com/SignalPage.aspx?lang=en&Ticker=SKIS-B.ST;https://www.nordnet.se/mux/web/marknaden/aktiehemsidan/index.html?identifier=939&marketid=11;;SkiStar AB ser. B;SKIS B;11;939
SMF.ST;SEMAFO;23.3;68.8;133;57.9;125;61.4;336;62.7;198;35;61.8;6.18;3.75;-4.19;-3.12;8.06;7.63;2.72;2.58;1.97;https://www.swedishbulls.com/SignalPage.aspx?lang=en&Ticker=SMF.ST;https://www.nordnet.se/mux/web/marknaden/aktiehemsidan/index.html?identifier=84981&marketid=11;;Semafo Inc.;SMF;11;84981
SNM.ST;SHAMARAN PETROLEUM;0.47;63.2;153;69.0;207;60.0;389;64.1;249;32;56.2;6.03;4.12;-3.08;-2.26;9.43;4.58;0.78;3.15;1.89;https://www.swedishbulls.com/SignalPage.aspx?lang=en&Ticker=SNM.ST;https://www.nordnet.se/mux/web/marknaden/aktiehemsidan/index.html?identifier=82824&marketid=11;;ShaMaran Petroleum Corp;SNM;11;82824
SOBI.ST;SWEDISH ORPHAN BIOVITRUM;148.95;80.0;121;68.6;120;59.5;133;69.4;124;39;63.2;2.65;1.95;-1.74;-1.64;3.15;3.0;0.49;0.55;1.0;https://www.swedishbulls.com/SignalPage.aspx?lang=en&Ticker=SOBI.ST;https://www.nordnet.se/mux/web/marknaden/aktiehemsidan/index.html?identifier=36316&marketid=11;;Swedish Orphan Biovitrum AB;SOBI;11;36316
SOF-B.ST;SOFTRONIC B;14.7;50.0;115;51.6;166;41.9;173;47.8;151;31;53.3;3.04;1.78;-1.43;-1.23;6.05;5.73;1.68;1.76;1.0;https://www.swedishbulls.com/SignalPage.aspx?lang=en&Ticker=SOF-B.ST;https://www.nordnet.se/mux/web/marknaden/aktiehemsidan/index.html?identifier=1546&marketid=11;;Softronic AB ser. B;SOF B;11;1546
SOLT.ST;SOLTECH ENERGY;8.83;66.7;173;70.4;306;71.7;438;69.6;305;26;61.5;7.83;4.94;-2.32;-1.98;9.73;4.94;1.48;4.29;2.29;https://www.swedishbulls.com/SignalPage.aspx?lang=en&Ticker=SOLT.ST;https://www.nordnet.se/mux/web/marknaden/aktiehemsidan/index.html?identifier=110738&marketid=11;;SolTech Energy Sweden AB;SOLT;11;110738
SONE.ST;SONETEL;12.42;38.5;64;57.1;110;57.1;110;50.9;94;10;44.4;8.68;6.47;-8.39;-9.47;8.56;5.94;-3.43;-1.66;2.66;https://www.swedishbulls.com/SignalPage.aspx?lang=en&Ticker=SONE.ST;https://www.nordnet.se/mux/web/marknaden/aktiehemsidan/index.html?identifier=136229&marketid=11;;Sonetel AB;SONE;11;136229
SOSIL.NGM;SOTKAMO SILVER;4.325;56.2;106;45.7;79;52.5;290;51.5;158;30;50.0;6.42;3.03;-3.16;-2.77;13.34;5.41;0.52;4.29;1.43;https://www.swedishbulls.com/SignalPage.aspx?lang=en&Ticker=SOSIL.NGM;https://www.nordnet.se/mux/web/marknaden/aktiehemsidan/index.html?identifier=85&marketid=13;YES;Sotkamo Silver;SOSI;13;85
SPIFFX.ST;SPIFFX;2.5;69.2;565;74.1;817;57.9;1204;67.1;862;28;50.0;12.93;7.39;-5.9;-5.83;26.73;20.23;6.4;9.62;2.0;https://www.swedishbulls.com/SignalPage.aspx?lang=en&Ticker=SPIFFX.ST;https://www.nordnet.se/mux/web/marknaden/aktiehemsidan/index.html?identifier=108517&marketid=11;;SpiffX AB;SPIFFX;11;108517
SPOR.ST;SPORTAMORE;107.6;77.8;144;76.5;221;70.0;525;74.8;296;35;67.6;5.28;3.36;-1.47;-1.23;8.7;5.13;2.27;4.6;1.34;https://www.swedishbulls.com/SignalPage.aspx?lang=en&Ticker=SPOR.ST;https://www.nordnet.se/mux/web/marknaden/aktiehemsidan/index.html?identifier=90180&marketid=11;;Sportamore AB;SPOR;11;90180
SPRINT.ST;SPRINT BIOSCIENCE;10.8;25.0;58;39.3;81;48.3;131;37.5;90;29;32.1;5.96;3.1;-3.39;-2.49;10.04;3.43;-1.39;0.12;4.44;https://www.swedishbulls.com/SignalPage.aspx?lang=en&Ticker=SPRINT.ST;https://www.nordnet.se/mux/web/marknaden/aktiehemsidan/index.html?identifier=103613&marketid=11;;Sprint Bioscience AB;SPRINT;11;103613
SRNKE-B.ST;SERNEKE GROUP;91.9;65.0;118;62.5;144;61.4;149;63.0;137;22;61.9;2.69;1.69;-1.08;-1.02;3.39;2.12;0.12;0.89;1.33;https://www.swedishbulls.com/SignalPage.aspx?lang=en&Ticker=SRNKE-B.ST;https://www.nordnet.se/mux/web/marknaden/aktiehemsidan/index.html?identifier=129023&marketid=11;;Serneke Group AB B;SRNKE B;11;129023
SSAB-A.ST;SSAB A;47.0;57.9;119;61.5;157;66.2;344;61.9;206;38;64.9;4.76;3.26;-2.74;-1.58;7.35;4.29;1.43;3.01;1.09;https://www.swedishbulls.com/SignalPage.aspx?lang=en&Ticker=SSAB-A.ST;https://www.nordnet.se/mux/web/marknaden/aktiehemsidan/index.html?identifier=300&marketid=11;;SSAB AB ser. A;SSAB A;11;300
SSAB-B.ST;SSAB B;38.48;75.0;122;77.1;176;69.9;345;74.0;214;41;62.5;4.13;2.65;-2.36;-1.57;7.04;5.26;1.9;2.72;1.08;https://www.swedishbulls.com/SignalPage.aspx?lang=en&Ticker=SSAB-B.ST;https://www.nordnet.se/mux/web/marknaden/aktiehemsidan/index.html?identifier=301&marketid=11;;SSAB AB ser. B;SSAB B;11;301
SSM.ST;SSM HOLDING;14.5;64.7;184;60.0;209;60.0;209;61.6;200;12;50.0;7.54;3.65;-2.19;-0.98;5.51;3.36;0.39;0.86;3.52;https://www.swedishbulls.com/SignalPage.aspx?lang=en&Ticker=SSM.ST;https://www.nordnet.se/mux/web/marknaden/aktiehemsidan/index.html?identifier=135659&marketid=11;;SSM Holding AB;SSM;11;135659
STAR-A.ST;STARBREEZE A;9.36;75.0;210;76.7;280;73.2;775;75.0;421;28;74.1;7.33;4.35;-2.45;-1.27;9.1;5.33;2.82;5.31;2.3;https://www.swedishbulls.com/SignalPage.aspx?lang=en&Ticker=STAR-A.ST;https://www.nordnet.se/mux/web/marknaden/aktiehemsidan/index.html?identifier=110197&marketid=11;;Starbreeze AB ser. A;STAR A;11;110197
STAR-B.ST;STARBREEZE B;9.545;55.0;128;57.5;135;63.9;332;58.8;198;36;54.3;5.76;3.32;-3.35;-2.77;8.78;4.71;0.49;2.44;2.44;https://www.swedishbulls.com/SignalPage.aspx?lang=en&Ticker=STAR-B.ST;https://www.nordnet.se/mux/web/marknaden/aktiehemsidan/index.html?identifier=5285&marketid=11;;Starbreeze AB ser. B;STAR B;11;5285
STE-A.ST;STORA ENSO A;153.5;60.9;117;61.2;136;60.4;191;60.8;148;45;71.1;2.26;1.72;-1.19;-0.81;3.24;2.33;0.62;1.16;1.0;https://www.swedishbulls.com/SignalPage.aspx?lang=en&Ticker=STE-A.ST;https://www.nordnet.se/mux/web/marknaden/aktiehemsidan/index.html?identifier=2169&marketid=11;;Stora Enso Oyj ser. A;STE A;11;2169
STEF-B.ST;STENDORREN FASTIGHETER;79.0;60.0;100;54.5;99;59.0;152;57.8;117;30;65.5;2.47;1.77;-0.77;-0.27;3.12;1.69;0.21;0.98;1.0;https://www.swedishbulls.com/SignalPage.aspx?lang=en&Ticker=STEF-B.ST;https://www.nordnet.se/mux/web/marknaden/aktiehemsidan/index.html?identifier=80255&marketid=11;;Stendörren Fastigheter AB;STEF B;11;80255
STE-R.ST;STORA ENSO R;152.4;52.4;112;53.3;131;56.6;193;54.1;145;41;65.9;2.46;1.59;-1.61;-1.15;4.38;2.81;0.66;1.54;1.0;https://www.swedishbulls.com/SignalPage.aspx?lang=en&Ticker=STE-R.ST;https://www.nordnet.se/mux/web/marknaden/aktiehemsidan/index.html?identifier=2170&marketid=11;;Stora Enso Oyj ser. R;STE R;11;2170
STIL.ST;STILLE;63.8;50.0;142;56.7;157;60.7;459;55.8;252;28;70.4;5.61;2.83;-2.28;-2.32;9.44;5.88;2.65;5.17;1.0;https://www.swedishbulls.com/SignalPage.aspx?lang=en&Ticker=STIL.ST;https://www.nordnet.se/mux/web/marknaden/aktiehemsidan/index.html?identifier=32001&marketid=11;;Stille AB;STIL;11;32001
STRAX.ST;STRAX;4.44;52.9;105;51.4;115;49.3;139;51.2;119;34;50.0;3.58;2.05;-2.59;-1.74;5.19;2.44;-0.45;0.5;1.26;https://www.swedishbulls.com/SignalPage.aspx?lang=en&Ticker=STRAX.ST;https://www.nordnet.se/mux/web/marknaden/aktiehemsidan/index.html?identifier=5116&marketid=11;;Strax AB;STRAX;11;5116
STW.ST;SEATWIRL;13.9;70.0;137;57.9;218;57.5;266;61.8;207;20;42.1;7.07;4.3;-3.74;-3.77;13.78;6.83;-0.11;2.84;2.05;https://www.swedishbulls.com/SignalPage.aspx?lang=en&Ticker=STW.ST;https://www.nordnet.se/mux/web/marknaden/aktiehemsidan/index.html?identifier=130457&marketid=11;;SeaTwirl AB;STW;11;130457
SUSW.ST;SURGICAL SCIENCE SWEDEN;58.6;78.9;133;76.2;156;76.2;156;77.1;148;10;60.0;5.18;3.66;-3.87;-2.73;7.12;5.1;1.17;1.92;1.52;https://www.swedishbulls.com/SignalPage.aspx?lang=en&Ticker=SUSW.ST;https://www.nordnet.se/mux/web/marknaden/aktiehemsidan/index.html?identifier=139699&marketid=11;YES;Surgical Science Sweden AB;SUS;11;139699
SVED-B.ST;SVEDBERGS I DALSTORP B;36.6;43.8;98;44.7;92;47.4;113;45.3;101;38;43.2;2.23;1.46;-1.47;-1.31;3.86;3.65;0.03;0.03;1.32;https://www.swedishbulls.com/SignalPage.aspx?lang=en&Ticker=SVED-B.ST;https://www.nordnet.se/mux/web/marknaden/aktiehemsidan/index.html?identifier=935&marketid=11;;Svedbergs i Dalstorp AB ser. B;SVED B;11;935
SVIK.ST;STUDSVIK;38.0;66.7;116;51.4;123;49.4;324;55.8;187;38;47.4;3.93;1.53;-1.65;-1.29;7.83;3.13;0.01;2.04;1.89;https://www.swedishbulls.com/SignalPage.aspx?lang=en&Ticker=SVIK.ST;https://www.nordnet.se/mux/web/marknaden/aktiehemsidan/index.html?identifier=13094&marketid=11;;Studsvik AB;SVIK;11;13094
SVOL-A.ST;SVOLDER A;;;;;;;;;;;;;;;;;;;;;;;;;;;
SVOL-B.ST;SVOLDER B;89.91;70.0;102;64.3;129;63.6;227;66.0;152;33;71.9;3.26;2.1;-2.0;-1.91;4.56;3.73;1.35;1.92;1.24;https://www.swedishbulls.com/SignalPage.aspx?lang=en&Ticker=SVOL-B.ST;https://www.nordnet.se/mux/web/marknaden/aktiehemsidan/index.html?identifier=937&marketid=11;;Svolder AB ser. B;SVOL B;11;937
SWEC-A.ST;SWECO A;167.0;33.3;88;32.4;82;50.0;183;38.6;117;40;53.8;3.16;1.82;-1.96;-1.62;4.69;3.02;0.08;0.82;1.49;https://www.swedishbulls.com/SignalPage.aspx?lang=en&Ticker=SWEC-A.ST;https://www.nordnet.se/mux/web/marknaden/aktiehemsidan/index.html?identifier=1061&marketid=11;;SWECO AB ser. A;SWEC A;11;1061
SWEC-B.ST;SWECO B;172.5;88.9;141;74.4;153;65.9;219;76.4;171;41;75.0;2.15;1.32;-0.95;-0.76;2.68;1.58;0.19;0.97;1.27;https://www.swedishbulls.com/SignalPage.aspx?lang=en&Ticker=SWEC-B.ST;https://www.nordnet.se/mux/web/marknaden/aktiehemsidan/index.html?identifier=1062&marketid=11;;SWECO AB ser. B;SWEC B;11;1062
SWED-A.ST;SWEDBANK A;187.0;73.3;106;43.2;92;48.1;112;54.9;103;39;50.0;1.77;1.32;-1.08;-0.72;2.43;2.16;-0.08;-0.12;1.21;https://www.swedishbulls.com/SignalPage.aspx?lang=en&Ticker=SWED-A.ST;https://www.nordnet.se/mux/web/marknaden/aktiehemsidan/index.html?identifier=120&marketid=11;;Swedbank AB ser A;SWED A;11;120
SWMA.ST;SWEDISH MATCH;377.5;66.7;126;57.6;127;58.5;143;60.9;132;32;62.5;2.04;1.07;-0.87;-0.71;3.5;2.66;0.6;1.06;1.0;https://www.swedishbulls.com/SignalPage.aspx?lang=en&Ticker=SWMA.ST;https://www.nordnet.se/mux/web/marknaden/aktiehemsidan/index.html?identifier=361&marketid=11;;Swedish Match AB;SWMA;11;361
SWOL-B.ST;SWEDOL B;32.1;64.3;117;47.1;132;54.7;235;55.4;161;32;51.6;3.41;1.61;-1.51;-1.35;7.06;5.07;1.16;2.11;1.01;https://www.swedishbulls.com/SignalPage.aspx?lang=en&Ticker=SWOL-B.ST;https://www.nordnet.se/mux/web/marknaden/aktiehemsidan/index.html?identifier=55913&marketid=11;;Swedol AB ser. B;SWOL B;11;55913
SYSR.ST;SYSTEMAIR;108.0;50.0;97;43.5;94;39.1;96;44.2;95;43;39.5;2.15;1.47;-1.49;-1.46;3.14;2.07;-0.87;-0.46;1.47;https://www.swedishbulls.com/SignalPage.aspx?lang=en&Ticker=SYSR.ST;https://www.nordnet.se/mux/web/marknaden/aktiehemsidan/index.html?identifier=43007&marketid=11;;Systemair AB;SYSR;11;43007
TALK.ST;TALKPOOL;37.6;59.1;179;60.5;192;62.9;254;60.8;208;31;63.3;5.18;2.84;-2.05;-1.76;6.44;5.78;2.21;2.52;1.69;https://www.swedishbulls.com/SignalPage.aspx?lang=en&Ticker=TALK.ST;https://www.nordnet.se/mux/web/marknaden/aktiehemsidan/index.html?identifier=122573&marketid=11;;TalkPool AG;TALK;11;122573
TANGI.ST;TANGIAMO TOUCH TECHNOLOGY;2.45;71.4;129;65.4;201;65.4;201;67.4;177;13;58.3;6.18;4.82;-3.11;-3.19;10.65;6.19;1.48;4.11;1.54;https://www.swedishbulls.com/SignalPage.aspx?lang=en&Ticker=TANGI.ST;https://www.nordnet.se/mux/web/marknaden/aktiehemsidan/index.html?identifier=135872&marketid=11;;Tangiamo Touch Technology AB;TANGI;11;135872
TASTE.ST;MYTASTE;3.45;54.5;128;42.9;86;41.9;146;46.4;120;31;26.7;6.94;4.62;-3.31;-2.5;13.38;9.09;-0.21;0.35;3.68;https://www.swedishbulls.com/SignalPage.aspx?lang=en&Ticker=TASTE.ST;https://www.nordnet.se/mux/web/marknaden/aktiehemsidan/index.html?identifier=71541&marketid=11;;myTaste AB;TASTE;11;71541
TCC.ST;TC CONNECT;27.95;78.6;147;61.9;122;61.9;122;67.5;130;10;70.0;6.47;3.78;-5.27;-3.94;10.6;7.73;3.43;5.04;1.15;https://www.swedishbulls.com/SignalPage.aspx?lang=en&Ticker=TCC.ST;https://www.nordnet.se/mux/web/marknaden/aktiehemsidan/index.html?identifier=139136&marketid=11;;TC Connect AB;TCC;11;139136
TCT.ST;TCT TECH SWEDEN;14.45;93.8;148;63.3;122;57.8;357;71.6;209;32;48.4;6.79;3.91;-3.64;-3.11;12.41;5.26;0.14;3.33;3.36;https://www.swedishbulls.com/SignalPage.aspx?lang=en&Ticker=TCT.ST;https://www.nordnet.se/mux/web/marknaden/aktiehemsidan/index.html?identifier=115953&marketid=11;;TC TECH Sweden AB;TCT;11;115953
TEL2-A.ST;TELE2 A;97.8;63.2;109;69.4;118;69.9;194;67.5;140;36;69.4;2.88;1.74;-0.79;-0.73;3.85;2.67;0.83;1.63;1.11;https://www.swedishbulls.com/SignalPage.aspx?lang=en&Ticker=TEL2-A.ST;https://www.nordnet.se/mux/web/marknaden/aktiehemsidan/index.html?identifier=1026&marketid=11;;Tele2 AB ser. A;TEL2 A;11;1026
TEL2-B.ST;TELE2 B;100.15;68.4;107;60.0;119;58.1;139;62.2;121;46;67.4;2.11;1.57;-1.83;-1.31;2.73;2.17;0.24;0.44;1.11;https://www.swedishbulls.com/SignalPage.aspx?lang=en&Ticker=TEL2-B.ST;https://www.nordnet.se/mux/web/marknaden/aktiehemsidan/index.html?identifier=1027&marketid=11;;Tele2 AB ser. B;TEL2 B;11;1027
TEONE.ST;TARGETEVERYONE;2.0;50.0;107;40.6;75;51.5;134;47.4;105;33;53.1;5.86;4.3;-4.65;-3.87;7.1;3.28;-0.87;0.79;1.81;https://www.swedishbulls.com/SignalPage.aspx?lang=en&Ticker=TEONE.ST;https://www.nordnet.se/mux/web/marknaden/aktiehemsidan/index.html?identifier=110094&marketid=11;;TargetEveryOne AB;TEONE;11;110094
TERRNT-B.ST;TERRANET HOLDING;11.33;57.1;170;55.6;163;55.6;163;56.1;165;9;50.0;5.95;2.67;-3.29;-2.67;3.24;0.5;-1.88;-0.82;2.01;https://www.swedishbulls.com/SignalPage.aspx?lang=en&Ticker=TERRNT-B.ST;https://www.nordnet.se/mux/web/marknaden/aktiehemsidan/index.html?identifier=138523&marketid=11;;TerraNet Holding AB ser. B;TERRNT B;11;138523
TETY.ST;TETHYS OIL;67.2;68.2;135;63.9;173;64.7;359;65.6;222;34;69.7;4.16;2.77;-1.39;-1.4;5.64;3.61;1.29;2.71;1.14;https://www.swedishbulls.com/SignalPage.aspx?lang=en&Ticker=TETY.ST;https://www.nordnet.se/mux/web/marknaden/aktiehemsidan/index.html?identifier=24588&marketid=11;;Tethys Oil AB;TETY;11;24588
TFBANK.ST;TF BANK;80.8;44.4;102;48.6;98;53.1;111;48.7;103;24;54.2;2.21;1.57;-1.74;-1.64;2.69;1.61;-0.68;-0.14;1.27;https://www.swedishbulls.com/SignalPage.aspx?lang=en&Ticker=TFBANK.ST;https://www.nordnet.se/mux/web/marknaden/aktiehemsidan/index.html?identifier=123340&marketid=11;;TF Bank AB;TFBANK;11;123340
TGATE.NGM;THREE GATES;7.76;36.8;56;41.9;46;48.8;88;42.5;63;21;33.3;10.9;9.42;-6.63;-6.63;20.86;15.43;-0.08;1.72;8.25;https://www.swedishbulls.com/SignalPage.aspx?lang=en&Ticker=TGATE.NGM;https://www.nordnet.se/mux/web/marknaden/aktiehemsidan/index.html?identifier=3E5E&marketid=13;YES;Three Gates;GATE MTF;13;3E5E
THQN-B.ST;THQ NORDIC;142.0;72.2;258;69.0;466;66.0;617;69.1;447;25;75.0;5.97;2.35;-1.62;-1.65;11.34;4.95;2.5;7.3;1.0;https://www.swedishbulls.com/SignalPage.aspx?lang=en&Ticker=THQN-B.ST;https://www.nordnet.se/mux/web/marknaden/aktiehemsidan/index.html?identifier=128651&marketid=11;;THQ Nordic AB ser. B;THQN B;11;128651
THULE.ST;THULE GROUP;180.6;76.5;107;64.5;124;61.2;155;67.4;128;33;66.7;2.56;1.71;-1.83;-1.27;3.87;2.29;0.3;1.17;1.05;https://www.swedishbulls.com/SignalPage.aspx?lang=en&Ticker=THULE.ST;https://www.nordnet.se/mux/web/marknaden/aktiehemsidan/index.html?identifier=104058&marketid=11;;Thule Group AB;THULE;11;104058
TIEN.ST;TIETO;277.0;81.2;118;60.5;119;66.2;158;69.3;131;37;66.7;1.92;1.17;-0.92;-1.01;2.74;2.29;0.39;0.72;1.01;https://www.swedishbulls.com/SignalPage.aspx?lang=en&Ticker=TIEN.ST;https://www.nordnet.se/mux/web/marknaden/aktiehemsidan/index.html?identifier=4025&marketid=11;;Tieto Corporation;TIEN;11;4025
TLSN.ST;TELIA COMPANY;39.21;73.3;112;71.0;127;58.4;123;67.6;120;38;57.9;1.86;1.39;-1.11;-0.68;2.33;1.39;-0.28;0.08;1.07;https://www.swedishbulls.com/SignalPage.aspx?lang=en&Ticker=TLSN.ST;https://www.nordnet.se/mux/web/marknaden/aktiehemsidan/index.html?identifier=5095&marketid=11;YES;Telia Company AB;TELIA;11;5095
TMG.ST;THE MARKETING GROUP;0.25;71.4;160;66.7;445;70.7;2095;69.6;900;29;57.1;13.99;8.92;-8.79;-5.92;18.01;11.5;3.23;5.71;19.89;https://www.swedishbulls.com/SignalPage.aspx?lang=en&Ticker=TMG.ST;https://www.nordnet.se/mux/web/marknaden/aktiehemsidan/index.html?identifier=122959&marketid=11;;The Marketing Group plc;TMG;11;122959
TOBII.ST;TOBII;32.2;61.1;136;64.7;241;63.6;382;63.1;253;33;59.4;5.61;3.9;-2.43;-2.27;7.64;5.27;1.41;2.75;2.18;https://www.swedishbulls.com/SignalPage.aspx?lang=en&Ticker=TOBII.ST;https://www.nordnet.se/mux/web/marknaden/aktiehemsidan/index.html?identifier=108332&marketid=11;;Tobii AB;TOBII;11;108332
TOBIN.ST;TOBIN PROPERTIES;23.1;57.1;151;53.6;167;55.3;158;55.3;158;19;44.4;5.08;1.74;-3.01;-1.97;3.33;1.32;-1.31;-1.0;3.68;https://www.swedishbulls.com/SignalPage.aspx?lang=en&Ticker=TOBIN.ST;https://www.nordnet.se/mux/web/marknaden/aktiehemsidan/index.html?identifier=128463&marketid=11;;Tobin Properties AB;TOBIN;11;128463
TOBIN-PREF.ST;TOBIN PROPERTIES PRF;112.5;38.1;102;36.6;101;33.8;42;36.2;81;38;39.5;1.62;0.65;-3.02;-0.62;1.03;0.77;-0.87;-2.22;2.07;https://www.swedishbulls.com/SignalPage.aspx?lang=en&Ticker=TOBIN-PREF.ST;https://www.nordnet.se/mux/web/marknaden/aktiehemsidan/index.html?identifier=104981&marketid=11;;Tobin Properties AB Pref;TOBIN PREF;11;104981
TRAC-B.ST;TRACTION B;160.0;55.6;106;55.3;152;58.8;239;56.6;165;34;54.5;3.11;1.48;-1.18;-0.99;5.51;4.01;0.94;1.67;1.34;https://www.swedishbulls.com/SignalPage.aspx?lang=en&Ticker=TRAC-B.ST;https://www.nordnet.se/mux/web/marknaden/aktiehemsidan/index.html?identifier=4963&marketid=11;;Traction AB ser. B;TRAC B;11;4963
TRANS.ST;TRANSTEMA;27.8;66.7;180;69.0;304;65.6;1519;67.1;667;30;63.3;9.37;5.54;-3.16;-2.82;13.75;9.23;4.01;6.74;2.46;https://www.swedishbulls.com/SignalPage.aspx?lang=en&Ticker=TRANS.ST;https://www.nordnet.se/mux/web/marknaden/aktiehemsidan/index.html?identifier=109528&marketid=11;;Transtema Group AB;TRANS;11;109528
TREL-B.ST;TRELLEBORG B;209.8;52.9;111;57.1;120;62.7;169;57.6;133;37;70.3;2.22;1.73;-1.47;-1.24;2.96;2.14;0.34;0.84;1.01;https://www.swedishbulls.com/SignalPage.aspx?lang=en&Ticker=TREL-B.ST;https://www.nordnet.se/mux/web/marknaden/aktiehemsidan/index.html?identifier=364&marketid=11;;Trelleborg AB ser. B;TREL B;11;364
TRENT.ST;TRENTION;60.4;60.0;113;57.9;122;42.6;108;53.5;114;26;34.6;2.27;1.04;-1.5;-1.4;6.02;4.93;-0.01;0.3;1.02;https://www.swedishbulls.com/SignalPage.aspx?lang=en&Ticker=TRENT.ST;https://www.nordnet.se/mux/web/marknaden/aktiehemsidan/index.html?identifier=2282&marketid=11;;Trention AB;TRENT;11;2282
TROAX.ST;TROAX GROUP;236.0;66.7;115;71.4;185;59.2;315;65.8;205;35;62.9;3.91;2.03;-0.99;-0.74;7.03;4.96;2.05;3.25;1.3;https://www.swedishbulls.com/SignalPage.aspx?lang=en&Ticker=TROAX.ST;https://www.nordnet.se/mux/web/marknaden/aktiehemsidan/index.html?identifier=107899&marketid=11;;Troax Group AB;TROAX;11;107899
UFLX-B.ST;UNIFLEX B;23.4;58.3;113;46.2;120;46.2;141;50.2;124;26;44.0;2.48;1.54;-1.28;-1.02;4.36;3.58;0.2;0.4;1.04;https://www.swedishbulls.com/SignalPage.aspx?lang=en&Ticker=UFLX-B.ST;https://www.nordnet.se/mux/web/marknaden/aktiehemsidan/index.html?identifier=36986&marketid=11;;Uniflex AB ser. B;UFLX B;11;36986
ULED.NGM;UNI-LIGHT LED;1.85;37.0;-15;34.8;-10;36.1;-10;36.0;-11;30;16.7;9.33;5.7;-6.28;-5.74;6.55;4.69;-4.8;-4.94;6.82;https://www.swedishbulls.com/SignalPage.aspx?lang=en&Ticker=ULED.NGM;https://www.nordnet.se/mux/web/marknaden/aktiehemsidan/index.html?identifier=3B0P&marketid=13;YES;Uni-light LED;ULED MTF;13;3B0P
UNIBAP.ST;UNIBAP;50.0;50.0;128;56.7;268;56.7;268;54.5;221;15;57.1;8.64;3.0;-2.88;-2.39;17.35;2.93;-0.15;7.87;1.18;https://www.swedishbulls.com/SignalPage.aspx?lang=en&Ticker=UNIBAP.ST;https://www.nordnet.se/mux/web/marknaden/aktiehemsidan/index.html?identifier=135385&marketid=11;;Unibap AB;UNIBAP;11;135385
UTG.ST;UNLIMITED TRAVEL GROUP;35.0;44.4;119;46.7;140;48.4;213;46.5;157;32;48.4;4.22;1.69;-2.75;-1.43;7.0;3.51;0.16;1.17;1.49;https://www.swedishbulls.com/SignalPage.aspx?lang=en&Ticker=UTG.ST;https://www.nordnet.se/mux/web/marknaden/aktiehemsidan/index.html?identifier=37471&marketid=11;;Unlimited Travel Group AB;UTG;11;37471
VBG-B.ST;VBG B;134.0;75.0;116;60.0;151;59.1;219;64.7;162;33;59.4;3.15;1.69;-1.35;-1.09;5.71;4.18;1.24;2.04;1.16;https://www.swedishbulls.com/SignalPage.aspx?lang=en&Ticker=VBG-B.ST;https://www.nordnet.se/mux/web/marknaden/aktiehemsidan/index.html?identifier=942&marketid=11;;VBG GROUP AB ser. B;VBG B;11;942
VEMF-SDB.ST;VOSTOK EMERGING FINANCE SDR;2.14;72.7;121;60.0;134;58.0;201;63.6;152;24;66.7;2.75;1.61;-0.95;-0.64;5.18;2.36;0.56;2.34;1.05;https://www.swedishbulls.com/SignalPage.aspx?lang=en&Ticker=VEMF-SDB.ST;https://www.nordnet.se/mux/web/marknaden/aktiehemsidan/index.html?identifier=110742&marketid=11;;Vostok Emerging Finance Ltd;VEMF SDB;11;110742
VERI.ST;VERISEC;111.5;76.2;163;62.2;245;66.0;332;68.1;246;25;69.2;4.71;2.77;-2.17;-2.11;6.21;2.82;0.5;2.83;1.61;https://www.swedishbulls.com/SignalPage.aspx?lang=en&Ticker=VERI.ST;https://www.nordnet.se/mux/web/marknaden/aktiehemsidan/index.html?identifier=104860&marketid=11;;Verisec AB;VERI;11;104860
VICO.ST;VICORE PHARMA HOLDING;16.75;75.0;144;65.4;333;51.9;809;64.1;428;27;46.2;10.44;4.19;-4.62;-3.6;27.64;11.38;2.52;9.48;1.97;https://www.swedishbulls.com/SignalPage.aspx?lang=en&Ticker=VICO.ST;https://www.nordnet.se/mux/web/marknaden/aktiehemsidan/index.html?identifier=116629&marketid=11;;Vicore Pharma Holding AB;VICO;11;116629
VICP-B.ST;VICTORIA PARK B;31.7;66.7;110;65.5;136;61.4;252;64.5;166;28;60.7;3.63;1.82;-1.71;-1.06;6.94;4.18;1.32;2.74;1.03;https://www.swedishbulls.com/SignalPage.aspx?lang=en&Ticker=VICP-B.ST;https://www.nordnet.se/mux/web/marknaden/aktiehemsidan/index.html?identifier=100963&marketid=11;;Victoria Park AB ser. B;VICP B;11;100963
VICP-PREF.ST;VICTORIA PARK PRF;313.0;35.0;92;38.9;97;40.3;107;38.1;98;36;42.9;1.14;0.83;-0.56;-0.34;1.77;1.48;-0.36;-0.36;1.02;https://www.swedishbulls.com/SignalPage.aspx?lang=en&Ticker=VICP-PREF.ST;https://www.nordnet.se/mux/web/marknaden/aktiehemsidan/index.html?identifier=95710&marketid=11;;Victoria Park AB Pref;VICP PREF;11;95710
VIT-B.ST;VITEC SOFTWARE GROUP B;83.6;63.2;108;51.4;129;50.7;188;55.1;141;33;48.5;2.57;1.36;-1.02;-0.65;5.92;4.68;1.14;1.55;1.1;https://www.swedishbulls.com/SignalPage.aspx?lang=en&Ticker=VIT-B.ST;https://www.nordnet.se/mux/web/marknaden/aktiehemsidan/index.html?identifier=5177&marketid=11;;Vitec Software Group AB ser. B;VIT B;11;5177
VITR.ST;VITROLIFE;591.0;61.1;104;63.9;161;70.3;424;65.1;229;37;77.8;4.27;2.1;-3.04;-2.54;5.85;2.65;0.7;3.08;1.16;https://www.swedishbulls.com/SignalPage.aspx?lang=en&Ticker=VITR.ST;https://www.nordnet.se/mux/web/marknaden/aktiehemsidan/index.html?identifier=13469&marketid=11;;Vitrolife AB;VITR;11;13469
VNV-SDB.ST;VOSTOK NEW VENTURES SDR;72.8;57.1;103;53.8;105;59.4;182;56.8;130;34;64.7;3.24;2.18;-2.07;-1.92;4.85;3.59;0.84;1.61;1.12;https://www.swedishbulls.com/SignalPage.aspx?lang=en&Ticker=VNV-SDB.ST;https://www.nordnet.se/mux/web/marknaden/aktiehemsidan/index.html?identifier=41044&marketid=11;;Vostok New Ventures Ltd;VNV SDB;11;41044
VOLO.ST;VOLATI;40.8;50.0;122;52.8;162;50.0;155;50.9;146;21;40.0;3.32;2.05;-1.05;-1.13;4.67;3.91;0.09;0.44;1.77;https://www.swedishbulls.com/SignalPage.aspx?lang=en&Ticker=VOLO.ST;https://www.nordnet.se/mux/web/marknaden/aktiehemsidan/index.html?identifier=129150&marketid=11;;Volati AB;VOLO;11;129150
VOLO-PREF.ST;VOLATI PRF;644.0;23.5;97;37.9;100;38.2;114;33.2;103;27;44.4;1.14;0.62;-0.51;-0.51;2.5;0.72;-0.76;0.03;1.0;https://www.swedishbulls.com/SignalPage.aspx?lang=en&Ticker=VOLO-PREF.ST;https://www.nordnet.se/mux/web/marknaden/aktiehemsidan/index.html?identifier=110084&marketid=11;;Volati AB Pref;VOLO PREF;11;110084
VOLV-A.ST;VOLVO A;152.5;66.7;106;64.9;125;65.8;187;65.8;139;36;71.4;2.51;1.16;-1.47;-0.86;3.83;1.61;0.1;1.51;1.1;https://www.swedishbulls.com/SignalPage.aspx?lang=en&Ticker=VOLV-A.ST;https://www.nordnet.se/mux/web/marknaden/aktiehemsidan/index.html?identifier=365&marketid=11;;Volvo, AB ser. A;VOLV A;11;365
VOLV-B.ST;VOLVO B;152.25;57.9;108;62.2;125;60.2;202;60.1;145;41;68.3;2.55;1.36;-1.3;-0.93;4.0;2.2;0.41;1.52;1.12;https://www.swedishbulls.com/SignalPage.aspx?lang=en&Ticker=VOLV-B.ST;https://www.nordnet.se/mux/web/marknaden/aktiehemsidan/index.html?identifier=366&marketid=11;YES;Volvo, AB ser. B;VOLV B;11;366
VRG-B.ST;VENUE B;1.315;50.0;97;43.3;102;50.0;180;47.8;126;32;48.4;5.71;2.6;-4.19;-2.12;10.68;3.31;-0.29;2.21;1.51;https://www.swedishbulls.com/SignalPage.aspx?lang=en&Ticker=VRG-B.ST;https://www.nordnet.se/mux/web/marknaden/aktiehemsidan/index.html?identifier=946&marketid=11;;Venue Retail Group AB ser. B;VRG B;11;946
VSSAB-B.ST;VIKING SUPPLY SHIPS;22.495;77.8;225;50.0;164;50.0;342;59.3;243;33;43.8;7.35;3.07;-2.72;-1.96;9.36;4.78;0.19;1.77;8.2;https://www.swedishbulls.com/SignalPage.aspx?lang=en&Ticker=VSSAB-B.ST;https://www.nordnet.se/mux/web/marknaden/aktiehemsidan/index.html?identifier=964&marketid=11;;Viking Supply Ships AB ser. B;VSSAB B;11;964
WALL-B.ST;WALLENSTAM B;75.85;58.8;111;61.1;125;62.7;150;60.9;128;37;58.3;2.04;1.38;-0.87;-0.68;3.01;2.46;0.35;0.59;1.13;https://www.swedishbulls.com/SignalPage.aspx?lang=en&Ticker=WALL-B.ST;https://www.nordnet.se/mux/web/marknaden/aktiehemsidan/index.html?identifier=945&marketid=11;;Wallenstam AB ser. B;WALL B;11;945
WESC.ST;WESC;0.109;47.1;121;44.7;105;40.0;49;43.9;91;40;20.5;5.06;3.17;-4.46;-3.52;3.87;1.79;-3.23;-3.55;9.34;https://www.swedishbulls.com/SignalPage.aspx?lang=en&Ticker=WESC.ST;https://www.nordnet.se/mux/web/marknaden/aktiehemsidan/index.html?identifier=55316&marketid=11;;WeSC AB;WESC;11;55316
WIHL.ST;WIHLBORGS FASTIGHETER;193.4;80.0;104;75.9;133;73.0;179;76.3;138;31;71.0;2.27;1.45;-0.86;-0.74;3.09;1.57;0.1;1.14;1.09;https://www.swedishbulls.com/SignalPage.aspx?lang=en&Ticker=WIHL.ST;https://www.nordnet.se/mux/web/marknaden/aktiehemsidan/index.html?identifier=29759&marketid=11;;Wihlborgs Fastigheter AB;WIHL;11;29759
WINT.ST;WEST INTERNATIONAL;12.15;57.1;107;63.3;217;60.9;326;60.4;216;32;74.2;4.11;2.22;-2.24;-2.1;6.5;4.34;1.88;3.45;1.09;https://www.swedishbulls.com/SignalPage.aspx?lang=en&Ticker=WINT.ST;https://www.nordnet.se/mux/web/marknaden/aktiehemsidan/index.html?identifier=43370&marketid=11;;West International AB;WINT;11;43370
WISE.ST;WISE GROUP;50.4;42.9;112;37.8;113;43.9;142;41.5;122;41;45.0;2.59;1.61;-1.41;-1.07;4.16;3.28;0.09;0.3;1.35;https://www.swedishbulls.com/SignalPage.aspx?lang=en&Ticker=WISE.ST;https://www.nordnet.se/mux/web/marknaden/aktiehemsidan/index.html?identifier=40017&marketid=11;;Wise Group AB;WISE;11;40017
WTX.ST;WILSON THERAPEUTICS SHS;149.8;60.0;157;59.0;234;60.0;573;59.7;321;32;62.5;5.74;2.82;-2.62;-2.46;11.57;5.62;1.79;5.45;1.0;https://www.swedishbulls.com/SignalPage.aspx?lang=en&Ticker=WTX.ST;https://www.nordnet.se/mux/web/marknaden/aktiehemsidan/index.html?identifier=121819&marketid=11;;Wilson Therapeutics AB;WTX;11;121819
XANO-B.ST;XANO INDUSTRI B;209.0;66.7;149;73.5;203;64.9;444;68.4;265;37;66.7;4.52;2.27;-1.69;-1.47;8.12;4.81;1.92;4.05;1.0;https://www.swedishbulls.com/SignalPage.aspx?lang=en&Ticker=XANO-B.ST;https://www.nordnet.se/mux/web/marknaden/aktiehemsidan/index.html?identifier=1074&marketid=11;;XANO Industri AB ser. B;XANO B;11;1074
XBRANE.ST;XBRANE BIOPHARMA;62.5;60.0;149;55.6;320;60.9;437;58.8;302;32;58.1;6.19;3.29;-2.42;-2.1;10.57;2.89;-0.0;4.33;1.57;https://www.swedishbulls.com/SignalPage.aspx?lang=en&Ticker=XBRANE.ST;https://www.nordnet.se/mux/web/marknaden/aktiehemsidan/index.html?identifier=118813&marketid=11;;Xbrane Biopharma AB;XBRANE;11;118813
XINT.ST;XINTELA;3.1;58.8;109;50.0;111;50.0;202;52.9;140;28;44.4;5.1;2.95;-2.37;-2.03;8.17;6.77;1.08;1.51;2.18;https://www.swedishbulls.com/SignalPage.aspx?lang=en&Ticker=XINT.ST;https://www.nordnet.se/mux/web/marknaden/aktiehemsidan/index.html?identifier=120379&marketid=11;;Xintela AB;XINT;11;120379
XMR.ST;XMREALITY;6.91;73.7;113;76.0;169;76.0;169;75.2;150;12;72.7;6.04;4.03;-3.09;-4.04;4.96;4.02;1.02;1.96;1.68;https://www.swedishbulls.com/SignalPage.aspx?lang=en&Ticker=XMR.ST;https://www.nordnet.se/mux/web/marknaden/aktiehemsidan/index.html?identifier=136337&marketid=11;;XMReality AB;XMR;11;136337
XVIVO.ST;XVIVO PERFUS;86.0;77.8;113;64.7;127;56.4;221;66.3;153;39;60.5;3.1;2.08;-2.06;-1.86;5.1;2.74;0.12;1.47;1.17;https://www.swedishbulls.com/SignalPage.aspx?lang=en&Ticker=XVIVO.ST;https://www.nordnet.se/mux/web/marknaden/aktiehemsidan/index.html?identifier=90126&marketid=11;;Xvivo Perfusion AB;XVIVO;11;90126
ZAPLOX.ST;ZAPLOX;4.76;80.0;215;78.9;277;78.9;277;79.3;256;9;88.9;8.55;5.29;-7.69;-7.69;9.78;6.37;4.01;7.04;1.25;https://www.swedishbulls.com/SignalPage.aspx?lang=en&Ticker=ZAPLOX.ST;https://www.nordnet.se/mux/web/marknaden/aktiehemsidan/index.html?identifier=139106&marketid=11;;Zaplox AB;ZAPLOX;11;139106
ZETA.ST;ZETA DISPLAY;16.55;50.0;131;53.1;183;56.5;568;53.2;294;31;50.0;7.38;3.27;-2.64;-2.44;14.62;9.08;2.52;5.19;1.46;https://www.swedishbulls.com/SignalPage.aspx?lang=en&Ticker=ZETA.ST;https://www.nordnet.se/mux/web/marknaden/aktiehemsidan/index.html?identifier=81310&marketid=11;;ZetaDisplay AB;ZETA;11;81310
ZETA-PREF.ST;ZETADISPLAY PRF;;;;;;;;;;;;;;;;;;;;;;;;;;;
ZZ-B.ST;ZINZINO AB;8.58;45.5;81;41.5;86;45.3;109;44.1;92;37;37.8;3.54;2.11;-1.79;-1.5;4.48;3.7;-0.33;-0.22;1.96;https://www.swedishbulls.com/SignalPage.aspx?lang=en&Ticker=ZZ-B.ST;https://www.nordnet.se/mux/web/marknaden/aktiehemsidan/index.html?identifier=77836&marketid=11;;Zinzino AB Ser. B;ZZ B;11;77836
